year,disease,district,Population,month_number,month_name,monthly_cases,monthly_incidence_per_100k,mean_monthly_cases,std_monthly_cases,alert_threshold_monthly_cases,outbreak_threshold_monthly_cases,month_status_2024
2024,Dysentery,Ampara,744551,1,January,3,0.4029274018838199,3.8333333333333335,1.404358295529393,7,9,normal
2024,Dysentery,Ampara,744551,2,February,5,0.6715456698063665,3.8333333333333335,1.404358295529393,7,9,normal
2024,Dysentery,Ampara,744551,3,March,4,0.5372365358450932,3.8333333333333335,1.404358295529393,7,9,normal
2024,Dysentery,Ampara,744551,4,April,4,0.5372365358450932,3.8333333333333335,1.404358295529393,7,9,normal
2024,Dysentery,Ampara,744551,5,May,4,0.5372365358450932,3.8333333333333335,1.404358295529393,7,9,normal
2024,Dysentery,Ampara,744551,6,June,4,0.5372365358450932,3.8333333333333335,1.404358295529393,7,9,normal
2024,Dysentery,Ampara,744551,7,July,6,0.8058548037676398,3.8333333333333335,1.404358295529393,7,9,normal
2024,Dysentery,Ampara,744551,8,August,1,0.1343091339612733,3.8333333333333335,1.404358295529393,7,9,normal
2024,Dysentery,Ampara,744551,9,September,2,0.2686182679225466,3.8333333333333335,1.404358295529393,7,9,normal
2024,Dysentery,Ampara,744551,10,October,4,0.5372365358450932,3.8333333333333335,1.404358295529393,7,9,normal
2024,Dysentery,Ampara,744551,11,November,6,0.8058548037676398,3.8333333333333335,1.404358295529393,7,9,normal
2024,Dysentery,Ampara,744551,12,December,3,0.4029274018838199,3.8333333333333335,1.404358295529393,7,9,normal
2024,Dysentery,Anuradhapura,960080,1,January,0,0.0,3.0833333333333335,3.121386800054673,10,13,normal
2024,Dysentery,Anuradhapura,960080,2,February,2,0.20831597366886093,3.0833333333333335,3.121386800054673,10,13,normal
2024,Dysentery,Anuradhapura,960080,3,March,1,0.10415798683443046,3.0833333333333335,3.121386800054673,10,13,normal
2024,Dysentery,Anuradhapura,960080,4,April,1,0.10415798683443046,3.0833333333333335,3.121386800054673,10,13,normal
2024,Dysentery,Anuradhapura,960080,5,May,3,0.3124739605032914,3.0833333333333335,3.121386800054673,10,13,normal
2024,Dysentery,Anuradhapura,960080,6,June,1,0.10415798683443046,3.0833333333333335,3.121386800054673,10,13,normal
2024,Dysentery,Anuradhapura,960080,7,July,4,0.41663194733772185,3.0833333333333335,3.121386800054673,10,13,normal
2024,Dysentery,Anuradhapura,960080,8,August,10,1.0415798683443047,3.0833333333333335,3.121386800054673,10,13,alert
2024,Dysentery,Anuradhapura,960080,9,September,9,0.9374218815098742,3.0833333333333335,3.121386800054673,10,13,normal
2024,Dysentery,Anuradhapura,960080,10,October,1,0.10415798683443046,3.0833333333333335,3.121386800054673,10,13,normal
2024,Dysentery,Anuradhapura,960080,11,November,1,0.10415798683443046,3.0833333333333335,3.121386800054673,10,13,normal
2024,Dysentery,Anuradhapura,960080,12,December,4,0.41663194733772185,3.0833333333333335,3.121386800054673,10,13,normal
2024,Dysentery,Badulla,872307,1,January,5,0.5731926947737437,3.75,2.0052015692526606,8,10,normal
2024,Dysentery,Badulla,872307,2,February,2,0.22927707790949745,3.75,2.0052015692526606,8,10,normal
2024,Dysentery,Badulla,872307,3,March,1,0.11463853895474872,3.75,2.0052015692526606,8,10,normal
2024,Dysentery,Badulla,872307,4,April,2,0.22927707790949745,3.75,2.0052015692526606,8,10,normal
2024,Dysentery,Badulla,872307,5,May,1,0.11463853895474872,3.75,2.0052015692526606,8,10,normal
2024,Dysentery,Badulla,872307,6,June,4,0.4585541558189949,3.75,2.0052015692526606,8,10,normal
2024,Dysentery,Badulla,872307,7,July,7,0.8024697726832412,3.75,2.0052015692526606,8,10,normal
2024,Dysentery,Badulla,872307,8,August,5,0.5731926947737437,3.75,2.0052015692526606,8,10,normal
2024,Dysentery,Badulla,872307,9,September,3,0.3439156168642462,3.75,2.0052015692526606,8,10,normal
2024,Dysentery,Badulla,872307,10,October,5,0.5731926947737437,3.75,2.0052015692526606,8,10,normal
2024,Dysentery,Badulla,872307,11,November,3,0.3439156168642462,3.75,2.0052015692526606,8,10,normal
2024,Dysentery,Badulla,872307,12,December,7,0.8024697726832412,3.75,2.0052015692526606,8,10,normal
2024,Dysentery,Batticaloa,595918,1,January,18,3.0205498071882375,11.083333333333334,3.499007795869503,19,22,normal
2024,Dysentery,Batticaloa,595918,2,February,13,2.1815081940803935,11.083333333333334,3.499007795869503,19,22,normal
2024,Dysentery,Batticaloa,595918,3,March,16,2.6849331619451,11.083333333333334,3.499007795869503,19,22,normal
2024,Dysentery,Batticaloa,595918,4,April,14,2.3493165167019625,11.083333333333334,3.499007795869503,19,22,normal
2024,Dysentery,Batticaloa,595918,5,May,6,1.0068499357294125,11.083333333333334,3.499007795869503,19,22,normal
2024,Dysentery,Batticaloa,595918,6,June,9,1.5102749035941188,11.083333333333334,3.499007795869503,19,22,normal
2024,Dysentery,Batticaloa,595918,7,July,10,1.6780832262156873,11.083333333333334,3.499007795869503,19,22,normal
2024,Dysentery,Batticaloa,595918,8,August,7,1.1746582583509813,11.083333333333334,3.499007795869503,19,22,normal
2024,Dysentery,Batticaloa,595918,9,September,12,2.013699871458825,11.083333333333334,3.499007795869503,19,22,normal
2024,Dysentery,Batticaloa,595918,10,October,8,1.34246658097255,11.083333333333334,3.499007795869503,19,22,normal
2024,Dysentery,Batticaloa,595918,11,November,9,1.5102749035941188,11.083333333333334,3.499007795869503,19,22,normal
2024,Dysentery,Batticaloa,595918,12,December,11,1.845891548837256,11.083333333333334,3.499007795869503,19,22,normal
2024,Dysentery,Colombo,2375415,1,January,2,0.0841958142050968,3.75,2.890357532670771,10,13,normal
2024,Dysentery,Colombo,2375415,2,February,3,0.12629372130764518,3.75,2.890357532670771,10,13,normal
2024,Dysentery,Colombo,2375415,3,March,0,0.0,3.75,2.890357532670771,10,13,normal
2024,Dysentery,Colombo,2375415,4,April,0,0.0,3.75,2.890357532670771,10,13,normal
2024,Dysentery,Colombo,2375415,5,May,0,0.0,3.75,2.890357532670771,10,13,normal
2024,Dysentery,Colombo,2375415,6,June,4,0.1683916284101936,3.75,2.890357532670771,10,13,normal
2024,Dysentery,Colombo,2375415,7,July,8,0.3367832568203872,3.75,2.890357532670771,10,13,normal
2024,Dysentery,Colombo,2375415,8,August,3,0.12629372130764518,3.75,2.890357532670771,10,13,normal
2024,Dysentery,Colombo,2375415,9,September,5,0.210489535512742,3.75,2.890357532670771,10,13,normal
2024,Dysentery,Colombo,2375415,10,October,6,0.25258744261529037,3.75,2.890357532670771,10,13,normal
2024,Dysentery,Colombo,2375415,11,November,9,0.3788811639229356,3.75,2.890357532670771,10,13,normal
2024,Dysentery,Colombo,2375415,12,December,5,0.210489535512742,3.75,2.890357532670771,10,13,normal
2024,Dysentery,Galle,1097372,1,January,8,0.7290144089697933,5.583333333333333,2.2157893000513886,11,13,normal
2024,Dysentery,Galle,1097372,2,February,3,0.2733804033636725,5.583333333333333,2.2157893000513886,11,13,normal
2024,Dysentery,Galle,1097372,3,March,6,0.546760806727345,5.583333333333333,2.2157893000513886,11,13,normal
2024,Dysentery,Galle,1097372,4,April,5,0.45563400560612083,5.583333333333333,2.2157893000513886,11,13,normal
2024,Dysentery,Galle,1097372,5,May,5,0.45563400560612083,5.583333333333333,2.2157893000513886,11,13,normal
2024,Dysentery,Galle,1097372,6,June,3,0.2733804033636725,5.583333333333333,2.2157893000513886,11,13,normal
2024,Dysentery,Galle,1097372,7,July,6,0.546760806727345,5.583333333333333,2.2157893000513886,11,13,normal
2024,Dysentery,Galle,1097372,8,August,8,0.7290144089697933,5.583333333333333,2.2157893000513886,11,13,normal
2024,Dysentery,Galle,1097372,9,September,2,0.18225360224244833,5.583333333333333,2.2157893000513886,11,13,normal
2024,Dysentery,Galle,1097372,10,October,4,0.36450720448489665,5.583333333333333,2.2157893000513886,11,13,normal
2024,Dysentery,Galle,1097372,11,November,9,0.8201412100910175,5.583333333333333,2.2157893000513886,11,13,normal
2024,Dysentery,Galle,1097372,12,December,8,0.7290144089697933,5.583333333333333,2.2157893000513886,11,13,normal
2024,Dysentery,Gampaha,2436142,1,January,2,0.08209702061702479,3.9166666666666665,2.628635049264584,10,12,normal
2024,Dysentery,Gampaha,2436142,2,February,3,0.12314553092553718,3.9166666666666665,2.628635049264584,10,12,normal
2024,Dysentery,Gampaha,2436142,3,March,0,0.0,3.9166666666666665,2.628635049264584,10,12,normal
2024,Dysentery,Gampaha,2436142,4,April,2,0.08209702061702479,3.9166666666666665,2.628635049264584,10,12,normal
2024,Dysentery,Gampaha,2436142,5,May,3,0.12314553092553718,3.9166666666666665,2.628635049264584,10,12,normal
2024,Dysentery,Gampaha,2436142,6,June,9,0.36943659277661156,3.9166666666666665,2.628635049264584,10,12,normal
2024,Dysentery,Gampaha,2436142,7,July,5,0.20524255154256196,3.9166666666666665,2.628635049264584,10,12,normal
2024,Dysentery,Gampaha,2436142,8,August,5,0.20524255154256196,3.9166666666666665,2.628635049264584,10,12,normal
2024,Dysentery,Gampaha,2436142,9,September,3,0.12314553092553718,3.9166666666666665,2.628635049264584,10,12,normal
2024,Dysentery,Gampaha,2436142,10,October,2,0.08209702061702479,3.9166666666666665,2.628635049264584,10,12,normal
2024,Dysentery,Gampaha,2436142,11,November,4,0.16419404123404957,3.9166666666666665,2.628635049264584,10,12,normal
2024,Dysentery,Gampaha,2436142,12,December,9,0.36943659277661156,3.9166666666666665,2.628635049264584,10,12,normal
2024,Dysentery,Hambantota,837889,1,January,0,0.0,2.0833333333333335,1.656217242862649,6,8,normal
2024,Dysentery,Hambantota,837889,2,February,3,0.3580426524277082,2.0833333333333335,1.656217242862649,6,8,normal
2024,Dysentery,Hambantota,837889,3,March,2,0.23869510161847213,2.0833333333333335,1.656217242862649,6,8,normal
2024,Dysentery,Hambantota,837889,4,April,5,0.5967377540461803,2.0833333333333335,1.656217242862649,6,8,normal
2024,Dysentery,Hambantota,837889,5,May,5,0.5967377540461803,2.0833333333333335,1.656217242862649,6,8,normal
2024,Dysentery,Hambantota,837889,6,June,3,0.3580426524277082,2.0833333333333335,1.656217242862649,6,8,normal
2024,Dysentery,Hambantota,837889,7,July,2,0.23869510161847213,2.0833333333333335,1.656217242862649,6,8,normal
2024,Dysentery,Hambantota,837889,8,August,0,0.0,2.0833333333333335,1.656217242862649,6,8,normal
2024,Dysentery,Hambantota,837889,9,September,1,0.11934755080923606,2.0833333333333335,1.656217242862649,6,8,normal
2024,Dysentery,Hambantota,837889,10,October,2,0.23869510161847213,2.0833333333333335,1.656217242862649,6,8,normal
2024,Dysentery,Hambantota,837889,11,November,0,0.0,2.0833333333333335,1.656217242862649,6,8,normal
2024,Dysentery,Hambantota,837889,12,December,2,0.23869510161847213,2.0833333333333335,1.656217242862649,6,8,normal
2024,Dysentery,Jaffna,594751,1,January,14,2.353926264941127,6.166666666666667,3.261730965130154,13,16,alert
2024,Dysentery,Jaffna,594751,2,February,6,1.0088255421176258,6.166666666666667,3.261730965130154,13,16,normal
2024,Dysentery,Jaffna,594751,3,March,2,0.33627518070587525,6.166666666666667,3.261730965130154,13,16,normal
2024,Dysentery,Jaffna,594751,4,April,3,0.5044127710588129,6.166666666666667,3.261730965130154,13,16,normal
2024,Dysentery,Jaffna,594751,5,May,6,1.0088255421176258,6.166666666666667,3.261730965130154,13,16,normal
2024,Dysentery,Jaffna,594751,6,June,4,0.6725503614117505,6.166666666666667,3.261730965130154,13,16,normal
2024,Dysentery,Jaffna,594751,7,July,7,1.1769631324705634,6.166666666666667,3.261730965130154,13,16,normal
2024,Dysentery,Jaffna,594751,8,August,3,0.5044127710588129,6.166666666666667,3.261730965130154,13,16,normal
2024,Dysentery,Jaffna,594751,9,September,8,1.345100722823501,6.166666666666667,3.261730965130154,13,16,normal
2024,Dysentery,Jaffna,594751,10,October,4,0.6725503614117505,6.166666666666667,3.261730965130154,13,16,normal
2024,Dysentery,Jaffna,594751,11,November,7,1.1769631324705634,6.166666666666667,3.261730965130154,13,16,normal
2024,Dysentery,Jaffna,594751,12,December,10,1.6813759035293763,6.166666666666667,3.261730965130154,13,16,normal
2024,Dysentery,Kalmunai,52798,1,January,5,9.470055683927422,2.0,1.4719601443879744,5,7,alert
2024,Dysentery,Kalmunai,52798,2,February,2,3.7880222735709688,2.0,1.4719601443879744,5,7,normal
2024,Dysentery,Kalmunai,52798,3,March,1,1.8940111367854844,2.0,1.4719601443879744,5,7,normal
2024,Dysentery,Kalmunai,52798,4,April,2,3.7880222735709688,2.0,1.4719601443879744,5,7,normal
2024,Dysentery,Kalmunai,52798,5,May,3,5.6820334103564525,2.0,1.4719601443879744,5,7,normal
2024,Dysentery,Kalmunai,52798,6,June,2,3.7880222735709688,2.0,1.4719601443879744,5,7,normal
2024,Dysentery,Kalmunai,52798,7,July,0,0.0,2.0,1.4719601443879744,5,7,normal
2024,Dysentery,Kalmunai,52798,8,August,1,1.8940111367854844,2.0,1.4719601443879744,5,7,normal
2024,Dysentery,Kalmunai,52798,9,September,3,5.6820334103564525,2.0,1.4719601443879744,5,7,normal
2024,Dysentery,Kalmunai,52798,10,October,0,0.0,2.0,1.4719601443879744,5,7,normal
2024,Dysentery,Kalmunai,52798,11,November,1,1.8940111367854844,2.0,1.4719601443879744,5,7,normal
2024,Dysentery,Kalmunai,52798,12,December,4,7.5760445471419375,2.0,1.4719601443879744,5,7,normal
2024,Dysentery,Kalutara,1305784,1,January,4,0.3063293775999706,3.0,1.2909944487358056,6,7,normal
2024,Dysentery,Kalutara,1305784,2,February,4,0.3063293775999706,3.0,1.2909944487358056,6,7,normal
2024,Dysentery,Kalutara,1305784,3,March,2,0.1531646887999853,3.0,1.2909944487358056,6,7,normal
2024,Dysentery,Kalutara,1305784,4,April,2,0.1531646887999853,3.0,1.2909944487358056,6,7,normal
2024,Dysentery,Kalutara,1305784,5,May,3,0.22974703319997794,3.0,1.2909944487358056,6,7,normal
2024,Dysentery,Kalutara,1305784,6,June,0,0.0,3.0,1.2909944487358056,6,7,normal
2024,Dysentery,Kalutara,1305784,7,July,3,0.22974703319997794,3.0,1.2909944487358056,6,7,normal
2024,Dysentery,Kalutara,1305784,8,August,2,0.1531646887999853,3.0,1.2909944487358056,6,7,normal
2024,Dysentery,Kalutara,1305784,9,September,5,0.38291172199996326,3.0,1.2909944487358056,6,7,normal
2024,Dysentery,Kalutara,1305784,10,October,4,0.3063293775999706,3.0,1.2909944487358056,6,7,normal
2024,Dysentery,Kalutara,1305784,11,November,4,0.3063293775999706,3.0,1.2909944487358056,6,7,normal
2024,Dysentery,Kalutara,1305784,12,December,3,0.22974703319997794,3.0,1.2909944487358056,6,7,normal
2024,Dysentery,Kandy,1461895,1,January,3,0.20521309669983137,2.9166666666666665,2.899952106884219,9,12,normal
2024,Dysentery,Kandy,1461895,2,February,2,0.13680873113322092,2.9166666666666665,2.899952106884219,9,12,normal
2024,Dysentery,Kandy,1461895,3,March,0,0.0,2.9166666666666665,2.899952106884219,9,12,normal
2024,Dysentery,Kandy,1461895,4,April,0,0.0,2.9166666666666665,2.899952106884219,9,12,normal
2024,Dysentery,Kandy,1461895,5,May,0,0.0,2.9166666666666665,2.899952106884219,9,12,normal
2024,Dysentery,Kandy,1461895,6,June,5,0.3420218278330523,2.9166666666666665,2.899952106884219,9,12,normal
2024,Dysentery,Kandy,1461895,7,July,10,0.6840436556661046,2.9166666666666665,2.899952106884219,9,12,alert
2024,Dysentery,Kandy,1461895,8,August,3,0.20521309669983137,2.9166666666666665,2.899952106884219,9,12,normal
2024,Dysentery,Kandy,1461895,9,September,2,0.13680873113322092,2.9166666666666665,2.899952106884219,9,12,normal
2024,Dysentery,Kandy,1461895,10,October,0,0.0,2.9166666666666665,2.899952106884219,9,12,normal
2024,Dysentery,Kandy,1461895,11,November,4,0.27361746226644185,2.9166666666666665,2.899952106884219,9,12,normal
2024,Dysentery,Kandy,1461895,12,December,6,0.41042619339966274,2.9166666666666665,2.899952106884219,9,12,normal
2024,Dysentery,Kegalle,870476,1,January,6,0.6892780501702517,3.0,2.6770630673681683,9,12,normal
2024,Dysentery,Kegalle,870476,2,February,0,0.0,3.0,2.6770630673681683,9,12,normal
2024,Dysentery,Kegalle,870476,3,March,0,0.0,3.0,2.6770630673681683,9,12,normal
2024,Dysentery,Kegalle,870476,4,April,0,0.0,3.0,2.6770630673681683,9,12,normal
2024,Dysentery,Kegalle,870476,5,May,0,0.0,3.0,2.6770630673681683,9,12,normal
2024,Dysentery,Kegalle,870476,6,June,3,0.34463902508512584,3.0,2.6770630673681683,9,12,normal
2024,Dysentery,Kegalle,870476,7,July,1,0.11487967502837527,3.0,2.6770630673681683,9,12,normal
2024,Dysentery,Kegalle,870476,8,August,3,0.34463902508512584,3.0,2.6770630673681683,9,12,normal
2024,Dysentery,Kegalle,870476,9,September,5,0.5743983751418764,3.0,2.6770630673681683,9,12,normal
2024,Dysentery,Kegalle,870476,10,October,8,0.9190374002270022,3.0,2.6770630673681683,9,12,normal
2024,Dysentery,Kegalle,870476,11,November,5,0.5743983751418764,3.0,2.6770630673681683,9,12,normal
2024,Dysentery,Kegalle,870476,12,December,5,0.5743983751418764,3.0,2.6770630673681683,9,12,normal
2024,Dysentery,Kilinochchi,123756,1,January,0,0.0,1.5,1.6583123951777,5,7,normal
2024,Dysentery,Kilinochchi,123756,2,February,0,0.0,1.5,1.6583123951777,5,7,normal
2024,Dysentery,Kilinochchi,123756,3,March,2,1.6160832606095865,1.5,1.6583123951777,5,7,normal
2024,Dysentery,Kilinochchi,123756,4,April,2,1.6160832606095865,1.5,1.6583123951777,5,7,normal
2024,Dysentery,Kilinochchi,123756,5,May,0,0.0,1.5,1.6583123951777,5,7,normal
2024,Dysentery,Kilinochchi,123756,6,June,2,1.6160832606095865,1.5,1.6583123951777,5,7,normal
2024,Dysentery,Kilinochchi,123756,7,July,2,1.6160832606095865,1.5,1.6583123951777,5,7,normal
2024,Dysentery,Kilinochchi,123756,8,August,2,1.6160832606095865,1.5,1.6583123951777,5,7,normal
2024,Dysentery,Kilinochchi,123756,9,September,6,4.84824978182876,1.5,1.6583123951777,5,7,alert
2024,Dysentery,Kilinochchi,123756,10,October,0,0.0,1.5,1.6583123951777,5,7,normal
2024,Dysentery,Kilinochchi,123756,11,November,0,0.0,1.5,1.6583123951777,5,7,normal
2024,Dysentery,Kilinochchi,123756,12,December,2,1.6160832606095865,1.5,1.6583123951777,5,7,normal
2024,Dysentery,Kurunegala,1768156,1,January,3,0.16966828718732962,4.916666666666667,1.9773017529507786,9,11,normal
2024,Dysentery,Kurunegala,1768156,2,February,3,0.16966828718732962,4.916666666666667,1.9773017529507786,9,11,normal
2024,Dysentery,Kurunegala,1768156,3,March,3,0.16966828718732962,4.916666666666667,1.9773017529507786,9,11,normal
2024,Dysentery,Kurunegala,1768156,4,April,5,0.2827804786455494,4.916666666666667,1.9773017529507786,9,11,normal
2024,Dysentery,Kurunegala,1768156,5,May,6,0.33933657437465925,4.916666666666667,1.9773017529507786,9,11,normal
2024,Dysentery,Kurunegala,1768156,6,June,6,0.33933657437465925,4.916666666666667,1.9773017529507786,9,11,normal
2024,Dysentery,Kurunegala,1768156,7,July,8,0.452448765832879,4.916666666666667,1.9773017529507786,9,11,normal
2024,Dysentery,Kurunegala,1768156,8,August,4,0.2262243829164395,4.916666666666667,1.9773017529507786,9,11,normal
2024,Dysentery,Kurunegala,1768156,9,September,7,0.3958926701037691,4.916666666666667,1.9773017529507786,9,11,normal
2024,Dysentery,Kurunegala,1768156,10,October,2,0.11311219145821975,4.916666666666667,1.9773017529507786,9,11,normal
2024,Dysentery,Kurunegala,1768156,11,November,8,0.452448765832879,4.916666666666667,1.9773017529507786,9,11,normal
2024,Dysentery,Kurunegala,1768156,12,December,4,0.2262243829164395,4.916666666666667,1.9773017529507786,9,11,normal
2024,Dysentery,Mannar,172312,1,January,1,0.5803426342912855,1.5,1.5545631755148024,5,7,normal
2024,Dysentery,Mannar,172312,2,February,0,0.0,1.5,1.5545631755148024,5,7,normal
2024,Dysentery,Mannar,172312,3,March,0,0.0,1.5,1.5545631755148024,5,7,normal
2024,Dysentery,Mannar,172312,4,April,0,0.0,1.5,1.5545631755148024,5,7,normal
2024,Dysentery,Mannar,172312,5,May,2,1.160685268582571,1.5,1.5545631755148024,5,7,normal
2024,Dysentery,Mannar,172312,6,June,1,0.5803426342912855,1.5,1.5545631755148024,5,7,normal
2024,Dysentery,Mannar,172312,7,July,1,0.5803426342912855,1.5,1.5545631755148024,5,7,normal
2024,Dysentery,Mannar,172312,8,August,2,1.160685268582571,1.5,1.5545631755148024,5,7,normal
2024,Dysentery,Mannar,172312,9,September,2,1.160685268582571,1.5,1.5545631755148024,5,7,normal
2024,Dysentery,Mannar,172312,10,October,5,2.9017131714564277,1.5,1.5545631755148024,5,7,alert
2024,Dysentery,Mannar,172312,11,November,4,2.321370537165142,1.5,1.5545631755148024,5,7,normal
2024,Dysentery,Mannar,172312,12,December,0,0.0,1.5,1.5545631755148024,5,7,normal
2024,Dysentery,Matale,526870,1,January,1,0.18980014045210394,1.6666666666666667,1.5986105077709063,5,7,normal
2024,Dysentery,Matale,526870,2,February,0,0.0,1.6666666666666667,1.5986105077709063,5,7,normal
2024,Dysentery,Matale,526870,3,March,0,0.0,1.6666666666666667,1.5986105077709063,5,7,normal
2024,Dysentery,Matale,526870,4,April,0,0.0,1.6666666666666667,1.5986105077709063,5,7,normal
2024,Dysentery,Matale,526870,5,May,0,0.0,1.6666666666666667,1.5986105077709063,5,7,normal
2024,Dysentery,Matale,526870,6,June,2,0.3796002809042079,1.6666666666666667,1.5986105077709063,5,7,normal
2024,Dysentery,Matale,526870,7,July,5,0.9490007022605197,1.6666666666666667,1.5986105077709063,5,7,alert
2024,Dysentery,Matale,526870,8,August,2,0.3796002809042079,1.6666666666666667,1.5986105077709063,5,7,normal
2024,Dysentery,Matale,526870,9,September,2,0.3796002809042079,1.6666666666666667,1.5986105077709063,5,7,normal
2024,Dysentery,Matale,526870,10,October,4,0.7592005618084158,1.6666666666666667,1.5986105077709063,5,7,normal
2024,Dysentery,Matale,526870,11,November,1,0.18980014045210394,1.6666666666666667,1.5986105077709063,5,7,normal
2024,Dysentery,Matale,526870,12,December,3,0.5694004213563119,1.6666666666666667,1.5986105077709063,5,7,normal
2024,Dysentery,Matara,671418,1,January,2,0.2978770304043085,1.0833333333333333,1.1873172373979173,4,5,normal
2024,Dysentery,Matara,671418,2,February,0,0.0,1.0833333333333333,1.1873172373979173,4,5,normal
2024,Dysentery,Matara,671418,3,March,0,0.0,1.0833333333333333,1.1873172373979173,4,5,normal
2024,Dysentery,Matara,671418,4,April,0,0.0,1.0833333333333333,1.1873172373979173,4,5,normal
2024,Dysentery,Matara,671418,5,May,0,0.0,1.0833333333333333,1.1873172373979173,4,5,normal
2024,Dysentery,Matara,671418,6,June,0,0.0,1.0833333333333333,1.1873172373979173,4,5,normal
2024,Dysentery,Matara,671418,7,July,3,0.44681554560646275,1.0833333333333333,1.1873172373979173,4,5,normal
2024,Dysentery,Matara,671418,8,August,1,0.14893851520215426,1.0833333333333333,1.1873172373979173,4,5,normal
2024,Dysentery,Matara,671418,9,September,0,0.0,1.0833333333333333,1.1873172373979173,4,5,normal
2024,Dysentery,Matara,671418,10,October,3,0.44681554560646275,1.0833333333333333,1.1873172373979173,4,5,normal
2024,Dysentery,Matara,671418,11,November,2,0.2978770304043085,1.0833333333333333,1.1873172373979173,4,5,normal
2024,Dysentery,Matara,671418,12,December,2,0.2978770304043085,1.0833333333333333,1.1873172373979173,4,5,normal
2024,Dysentery,Monaragala,527585,1,January,2,0.37908583451007893,2.0,1.5275252316519468,6,7,normal
2024,Dysentery,Monaragala,527585,2,February,0,0.0,2.0,1.5275252316519468,6,7,normal
2024,Dysentery,Monaragala,527585,3,March,2,0.37908583451007893,2.0,1.5275252316519468,6,7,normal
2024,Dysentery,Monaragala,527585,4,April,2,0.37908583451007893,2.0,1.5275252316519468,6,7,normal
2024,Dysentery,Monaragala,527585,5,May,2,0.37908583451007893,2.0,1.5275252316519468,6,7,normal
2024,Dysentery,Monaragala,527585,6,June,2,0.37908583451007893,2.0,1.5275252316519468,6,7,normal
2024,Dysentery,Monaragala,527585,7,July,5,0.9477145862751973,2.0,1.5275252316519468,6,7,normal
2024,Dysentery,Monaragala,527585,8,August,0,0.0,2.0,1.5275252316519468,6,7,normal
2024,Dysentery,Monaragala,527585,9,September,5,0.9477145862751973,2.0,1.5275252316519468,6,7,normal
2024,Dysentery,Monaragala,527585,10,October,1,0.18954291725503947,2.0,1.5275252316519468,6,7,normal
2024,Dysentery,Monaragala,527585,11,November,2,0.37908583451007893,2.0,1.5275252316519468,6,7,normal
2024,Dysentery,Monaragala,527585,12,December,1,0.18954291725503947,2.0,1.5275252316519468,6,7,normal
2024,Dysentery,Mullaitivu,136710,1,January,3,2.194426157559798,1.0,0.9128709291752769,3,4,alert
2024,Dysentery,Mullaitivu,136710,2,February,0,0.0,1.0,0.9128709291752769,3,4,normal
2024,Dysentery,Mullaitivu,136710,3,March,1,0.731475385853266,1.0,0.9128709291752769,3,4,normal
2024,Dysentery,Mullaitivu,136710,4,April,0,0.0,1.0,0.9128709291752769,3,4,normal
2024,Dysentery,Mullaitivu,136710,5,May,0,0.0,1.0,0.9128709291752769,3,4,normal
2024,Dysentery,Mullaitivu,136710,6,June,1,0.731475385853266,1.0,0.9128709291752769,3,4,normal
2024,Dysentery,Mullaitivu,136710,7,July,2,1.462950771706532,1.0,0.9128709291752769,3,4,normal
2024,Dysentery,Mullaitivu,136710,8,August,0,0.0,1.0,0.9128709291752769,3,4,normal
2024,Dysentery,Mullaitivu,136710,9,September,1,0.731475385853266,1.0,0.9128709291752769,3,4,normal
2024,Dysentery,Mullaitivu,136710,10,October,1,0.731475385853266,1.0,0.9128709291752769,3,4,normal
2024,Dysentery,Mullaitivu,136710,11,November,1,0.731475385853266,1.0,0.9128709291752769,3,4,normal
2024,Dysentery,Mullaitivu,136710,12,December,2,1.462950771706532,1.0,0.9128709291752769,3,4,normal
2024,Dysentery,Nuwara Eliya,725280,1,January,11,1.5166556364438561,13.083333333333334,6.7879591107260575,27,34,normal
2024,Dysentery,Nuwara Eliya,725280,2,February,5,0.6893889256562983,13.083333333333334,6.7879591107260575,27,34,normal
2024,Dysentery,Nuwara Eliya,725280,3,March,5,0.6893889256562983,13.083333333333334,6.7879591107260575,27,34,normal
2024,Dysentery,Nuwara Eliya,725280,4,April,11,1.5166556364438561,13.083333333333334,6.7879591107260575,27,34,normal
2024,Dysentery,Nuwara Eliya,725280,5,May,22,3.0333112728877123,13.083333333333334,6.7879591107260575,27,34,normal
2024,Dysentery,Nuwara Eliya,725280,6,June,18,2.481800132362674,13.083333333333334,6.7879591107260575,27,34,normal
2024,Dysentery,Nuwara Eliya,725280,7,July,27,3.7227001985440107,13.083333333333334,6.7879591107260575,27,34,alert
2024,Dysentery,Nuwara Eliya,725280,8,August,8,1.1030222810500772,13.083333333333334,6.7879591107260575,27,34,normal
2024,Dysentery,Nuwara Eliya,725280,9,September,11,1.5166556364438561,13.083333333333334,6.7879591107260575,27,34,normal
2024,Dysentery,Nuwara Eliya,725280,10,October,12,1.6545334215751157,13.083333333333334,6.7879591107260575,27,34,normal
2024,Dysentery,Nuwara Eliya,725280,11,November,7,0.9651444959188176,13.083333333333334,6.7879591107260575,27,34,normal
2024,Dysentery,Nuwara Eliya,725280,12,December,20,2.757555702625193,13.083333333333334,6.7879591107260575,27,34,normal
2024,Dysentery,Polonnaruwa,447530,1,January,3,0.670346122047684,2.1666666666666665,1.0671873729054748,5,6,normal
2024,Dysentery,Polonnaruwa,447530,2,February,2,0.44689741469845595,2.1666666666666665,1.0671873729054748,5,6,normal
2024,Dysentery,Polonnaruwa,447530,3,March,2,0.44689741469845595,2.1666666666666665,1.0671873729054748,5,6,normal
2024,Dysentery,Polonnaruwa,447530,4,April,2,0.44689741469845595,2.1666666666666665,1.0671873729054748,5,6,normal
2024,Dysentery,Polonnaruwa,447530,5,May,1,0.22344870734922798,2.1666666666666665,1.0671873729054748,5,6,normal
2024,Dysentery,Polonnaruwa,447530,6,June,1,0.22344870734922798,2.1666666666666665,1.0671873729054748,5,6,normal
2024,Dysentery,Polonnaruwa,447530,7,July,2,0.44689741469845595,2.1666666666666665,1.0671873729054748,5,6,normal
2024,Dysentery,Polonnaruwa,447530,8,August,2,0.44689741469845595,2.1666666666666665,1.0671873729054748,5,6,normal
2024,Dysentery,Polonnaruwa,447530,9,September,3,0.670346122047684,2.1666666666666665,1.0671873729054748,5,6,normal
2024,Dysentery,Polonnaruwa,447530,10,October,5,1.11724353674614,2.1666666666666665,1.0671873729054748,5,6,alert
2024,Dysentery,Polonnaruwa,447530,11,November,1,0.22344870734922798,2.1666666666666665,1.0671873729054748,5,6,normal
2024,Dysentery,Polonnaruwa,447530,12,December,2,0.44689741469845595,2.1666666666666665,1.0671873729054748,5,6,normal
2024,Dysentery,Puttalam,818816,1,January,0,0.0,1.8333333333333333,1.818118685772619,6,8,normal
2024,Dysentery,Puttalam,818816,2,February,1,0.12212755979365328,1.8333333333333333,1.818118685772619,6,8,normal
2024,Dysentery,Puttalam,818816,3,March,1,0.12212755979365328,1.8333333333333333,1.818118685772619,6,8,normal
2024,Dysentery,Puttalam,818816,4,April,1,0.12212755979365328,1.8333333333333333,1.818118685772619,6,8,normal
2024,Dysentery,Puttalam,818816,5,May,0,0.0,1.8333333333333333,1.818118685772619,6,8,normal
2024,Dysentery,Puttalam,818816,6,June,3,0.3663826793809598,1.8333333333333333,1.818118685772619,6,8,normal
2024,Dysentery,Puttalam,818816,7,July,1,0.12212755979365328,1.8333333333333333,1.818118685772619,6,8,normal
2024,Dysentery,Puttalam,818816,8,August,2,0.24425511958730656,1.8333333333333333,1.818118685772619,6,8,normal
2024,Dysentery,Puttalam,818816,9,September,1,0.12212755979365328,1.8333333333333333,1.818118685772619,6,8,normal
2024,Dysentery,Puttalam,818816,10,October,3,0.3663826793809598,1.8333333333333333,1.818118685772619,6,8,normal
2024,Dysentery,Puttalam,818816,11,November,2,0.24425511958730656,1.8333333333333333,1.818118685772619,6,8,normal
2024,Dysentery,Puttalam,818816,12,December,7,0.8548929185555729,1.8333333333333333,1.818118685772619,6,8,alert
2024,Dysentery,Ratnapura,1145423,1,January,14,1.2222558827612158,10.833333333333334,3.737943582000967,19,23,normal
2024,Dysentery,Ratnapura,1145423,2,February,3,0.26191197487740336,10.833333333333334,3.737943582000967,19,23,normal
2024,Dysentery,Ratnapura,1145423,3,March,8,0.6984319330064089,10.833333333333334,3.737943582000967,19,23,normal
2024,Dysentery,Ratnapura,1145423,4,April,12,1.0476478995096135,10.833333333333334,3.737943582000967,19,23,normal
2024,Dysentery,Ratnapura,1145423,5,May,10,0.8730399162580113,10.833333333333334,3.737943582000967,19,23,normal
2024,Dysentery,Ratnapura,1145423,6,June,8,0.6984319330064089,10.833333333333334,3.737943582000967,19,23,normal
2024,Dysentery,Ratnapura,1145423,7,July,14,1.2222558827612158,10.833333333333334,3.737943582000967,19,23,normal
2024,Dysentery,Ratnapura,1145423,8,August,7,0.6111279413806079,10.833333333333334,3.737943582000967,19,23,normal
2024,Dysentery,Ratnapura,1145423,9,September,13,1.1349518911354146,10.833333333333334,3.737943582000967,19,23,normal
2024,Dysentery,Ratnapura,1145423,10,October,10,0.8730399162580113,10.833333333333334,3.737943582000967,19,23,normal
2024,Dysentery,Ratnapura,1145423,11,November,14,1.2222558827612158,10.833333333333334,3.737943582000967,19,23,normal
2024,Dysentery,Ratnapura,1145423,12,December,17,1.484167857638619,10.833333333333334,3.737943582000967,19,23,normal
2024,Dysentery,Trincomalee,442745,1,January,4,0.903454584467357,2.25,1.689427911059441,6,8,normal
2024,Dysentery,Trincomalee,442745,2,February,0,0.0,2.25,1.689427911059441,6,8,normal
2024,Dysentery,Trincomalee,442745,3,March,4,0.903454584467357,2.25,1.689427911059441,6,8,normal
2024,Dysentery,Trincomalee,442745,4,April,3,0.6775909383505178,2.25,1.689427911059441,6,8,normal
2024,Dysentery,Trincomalee,442745,5,May,2,0.4517272922336785,2.25,1.689427911059441,6,8,normal
2024,Dysentery,Trincomalee,442745,6,June,0,0.0,2.25,1.689427911059441,6,8,normal
2024,Dysentery,Trincomalee,442745,7,July,2,0.4517272922336785,2.25,1.689427911059441,6,8,normal
2024,Dysentery,Trincomalee,442745,8,August,0,0.0,2.25,1.689427911059441,6,8,normal
2024,Dysentery,Trincomalee,442745,9,September,2,0.4517272922336785,2.25,1.689427911059441,6,8,normal
2024,Dysentery,Trincomalee,442745,10,October,1,0.22586364611683926,2.25,1.689427911059441,6,8,normal
2024,Dysentery,Trincomalee,442745,11,November,5,1.1293182305841962,2.25,1.689427911059441,6,8,normal
2024,Dysentery,Trincomalee,442745,12,December,4,0.903454584467357,2.25,1.689427911059441,6,8,normal
2024,Dysentery,Vavuniya,122619,1,January,1,0.8155342972948727,1.1666666666666667,1.4043582955293932,4,6,normal
2024,Dysentery,Vavuniya,122619,2,February,0,0.0,1.1666666666666667,1.4043582955293932,4,6,normal
2024,Dysentery,Vavuniya,122619,3,March,0,0.0,1.1666666666666667,1.4043582955293932,4,6,normal
2024,Dysentery,Vavuniya,122619,4,April,0,0.0,1.1666666666666667,1.4043582955293932,4,6,normal
2024,Dysentery,Vavuniya,122619,5,May,3,2.446602891884618,1.1666666666666667,1.4043582955293932,4,6,normal
2024,Dysentery,Vavuniya,122619,6,June,3,2.446602891884618,1.1666666666666667,1.4043582955293932,4,6,normal
2024,Dysentery,Vavuniya,122619,7,July,4,3.262137189179491,1.1666666666666667,1.4043582955293932,4,6,alert
2024,Dysentery,Vavuniya,122619,8,August,2,1.6310685945897454,1.1666666666666667,1.4043582955293932,4,6,normal
2024,Dysentery,Vavuniya,122619,9,September,1,0.8155342972948727,1.1666666666666667,1.4043582955293932,4,6,normal
2024,Dysentery,Vavuniya,122619,10,October,0,0.0,1.1666666666666667,1.4043582955293932,4,6,normal
2024,Dysentery,Vavuniya,122619,11,November,0,0.0,1.1666666666666667,1.4043582955293932,4,6,normal
2024,Dysentery,Vavuniya,122619,12,December,0,0.0,1.1666666666666667,1.4043582955293932,4,6,normal
2024,Meningitis,Ampara,744551,1,January,3,0.4029274018838199,3.4166666666666665,1.552328000849763,7,9,normal
2024,Meningitis,Ampara,744551,2,February,5,0.6715456698063665,3.4166666666666665,1.552328000849763,7,9,normal
2024,Meningitis,Ampara,744551,3,March,4,0.5372365358450932,3.4166666666666665,1.552328000849763,7,9,normal
2024,Meningitis,Ampara,744551,4,April,4,0.5372365358450932,3.4166666666666665,1.552328000849763,7,9,normal
2024,Meningitis,Ampara,744551,5,May,4,0.5372365358450932,3.4166666666666665,1.552328000849763,7,9,normal
2024,Meningitis,Ampara,744551,6,June,4,0.5372365358450932,3.4166666666666665,1.552328000849763,7,9,normal
2024,Meningitis,Ampara,744551,7,July,6,0.8058548037676398,3.4166666666666665,1.552328000849763,7,9,normal
2024,Meningitis,Ampara,744551,8,August,1,0.1343091339612733,3.4166666666666665,1.552328000849763,7,9,normal
2024,Meningitis,Ampara,744551,9,September,2,0.2686182679225466,3.4166666666666665,1.552328000849763,7,9,normal
2024,Meningitis,Ampara,744551,10,October,2,0.2686182679225466,3.4166666666666665,1.552328000849763,7,9,normal
2024,Meningitis,Ampara,744551,11,November,1,0.1343091339612733,3.4166666666666665,1.552328000849763,7,9,normal
2024,Meningitis,Ampara,744551,12,December,5,0.6715456698063665,3.4166666666666665,1.552328000849763,7,9,normal
2024,Meningitis,Anuradhapura,960080,1,January,0,0.0,4.833333333333333,3.8477987935383986,13,17,normal
2024,Meningitis,Anuradhapura,960080,2,February,2,0.20831597366886093,4.833333333333333,3.8477987935383986,13,17,normal
2024,Meningitis,Anuradhapura,960080,3,March,1,0.10415798683443046,4.833333333333333,3.8477987935383986,13,17,normal
2024,Meningitis,Anuradhapura,960080,4,April,1,0.10415798683443046,4.833333333333333,3.8477987935383986,13,17,normal
2024,Meningitis,Anuradhapura,960080,5,May,3,0.3124739605032914,4.833333333333333,3.8477987935383986,13,17,normal
2024,Meningitis,Anuradhapura,960080,6,June,1,0.10415798683443046,4.833333333333333,3.8477987935383986,13,17,normal
2024,Meningitis,Anuradhapura,960080,7,July,4,0.41663194733772185,4.833333333333333,3.8477987935383986,13,17,normal
2024,Meningitis,Anuradhapura,960080,8,August,10,1.0415798683443047,4.833333333333333,3.8477987935383986,13,17,normal
2024,Meningitis,Anuradhapura,960080,9,September,9,0.9374218815098742,4.833333333333333,3.8477987935383986,13,17,normal
2024,Meningitis,Anuradhapura,960080,10,October,10,1.0415798683443047,4.833333333333333,3.8477987935383986,13,17,normal
2024,Meningitis,Anuradhapura,960080,11,November,8,0.8332638946754437,4.833333333333333,3.8477987935383986,13,17,normal
2024,Meningitis,Anuradhapura,960080,12,December,9,0.9374218815098742,4.833333333333333,3.8477987935383986,13,17,normal
2024,Meningitis,Badulla,872307,1,January,5,0.5731926947737437,3.3333333333333335,1.7950549357115015,7,9,normal
2024,Meningitis,Badulla,872307,2,February,2,0.22927707790949745,3.3333333333333335,1.7950549357115015,7,9,normal
2024,Meningitis,Badulla,872307,3,March,1,0.11463853895474872,3.3333333333333335,1.7950549357115015,7,9,normal
2024,Meningitis,Badulla,872307,4,April,2,0.22927707790949745,3.3333333333333335,1.7950549357115015,7,9,normal
2024,Meningitis,Badulla,872307,5,May,1,0.11463853895474872,3.3333333333333335,1.7950549357115015,7,9,normal
2024,Meningitis,Badulla,872307,6,June,4,0.4585541558189949,3.3333333333333335,1.7950549357115015,7,9,normal
2024,Meningitis,Badulla,872307,7,July,7,0.8024697726832412,3.3333333333333335,1.7950549357115015,7,9,alert
2024,Meningitis,Badulla,872307,8,August,5,0.5731926947737437,3.3333333333333335,1.7950549357115015,7,9,normal
2024,Meningitis,Badulla,872307,9,September,3,0.3439156168642462,3.3333333333333335,1.7950549357115015,7,9,normal
2024,Meningitis,Badulla,872307,10,October,5,0.5731926947737437,3.3333333333333335,1.7950549357115015,7,9,normal
2024,Meningitis,Badulla,872307,11,November,3,0.3439156168642462,3.3333333333333335,1.7950549357115015,7,9,normal
2024,Meningitis,Badulla,872307,12,December,2,0.22927707790949745,3.3333333333333335,1.7950549357115015,7,9,normal
2024,Meningitis,Batticaloa,595918,1,January,18,3.0205498071882375,9.75,4.745612008301283,20,24,normal
2024,Meningitis,Batticaloa,595918,2,February,13,2.1815081940803935,9.75,4.745612008301283,20,24,normal
2024,Meningitis,Batticaloa,595918,3,March,16,2.6849331619451,9.75,4.745612008301283,20,24,normal
2024,Meningitis,Batticaloa,595918,4,April,14,2.3493165167019625,9.75,4.745612008301283,20,24,normal
2024,Meningitis,Batticaloa,595918,5,May,6,1.0068499357294125,9.75,4.745612008301283,20,24,normal
2024,Meningitis,Batticaloa,595918,6,June,9,1.5102749035941188,9.75,4.745612008301283,20,24,normal
2024,Meningitis,Batticaloa,595918,7,July,10,1.6780832262156873,9.75,4.745612008301283,20,24,normal
2024,Meningitis,Batticaloa,595918,8,August,7,1.1746582583509813,9.75,4.745612008301283,20,24,normal
2024,Meningitis,Batticaloa,595918,9,September,12,2.013699871458825,9.75,4.745612008301283,20,24,normal
2024,Meningitis,Batticaloa,595918,10,October,2,0.3356166452431375,9.75,4.745612008301283,20,24,normal
2024,Meningitis,Batticaloa,595918,11,November,6,1.0068499357294125,9.75,4.745612008301283,20,24,normal
2024,Meningitis,Batticaloa,595918,12,December,4,0.671233290486275,9.75,4.745612008301283,20,24,normal
2024,Meningitis,Colombo,2375415,1,January,2,0.0841958142050968,4.25,3.939648884524271,13,17,normal
2024,Meningitis,Colombo,2375415,2,February,3,0.12629372130764518,4.25,3.939648884524271,13,17,normal
2024,Meningitis,Colombo,2375415,3,March,0,0.0,4.25,3.939648884524271,13,17,normal
2024,Meningitis,Colombo,2375415,4,April,0,0.0,4.25,3.939648884524271,13,17,normal
2024,Meningitis,Colombo,2375415,5,May,0,0.0,4.25,3.939648884524271,13,17,normal
2024,Meningitis,Colombo,2375415,6,June,4,0.1683916284101936,4.25,3.939648884524271,13,17,normal
2024,Meningitis,Colombo,2375415,7,July,8,0.3367832568203872,4.25,3.939648884524271,13,17,normal
2024,Meningitis,Colombo,2375415,8,August,3,0.12629372130764518,4.25,3.939648884524271,13,17,normal
2024,Meningitis,Colombo,2375415,9,September,5,0.210489535512742,4.25,3.939648884524271,13,17,normal
2024,Meningitis,Colombo,2375415,10,October,8,0.3367832568203872,4.25,3.939648884524271,13,17,normal
2024,Meningitis,Colombo,2375415,11,November,4,0.1683916284101936,4.25,3.939648884524271,13,17,normal
2024,Meningitis,Colombo,2375415,12,December,14,0.5893706994356775,4.25,3.939648884524271,13,17,alert
2024,Meningitis,Galle,1097372,1,January,8,0.7290144089697933,7.333333333333333,4.288226776756202,16,21,normal
2024,Meningitis,Galle,1097372,2,February,3,0.2733804033636725,7.333333333333333,4.288226776756202,16,21,normal
2024,Meningitis,Galle,1097372,3,March,6,0.546760806727345,7.333333333333333,4.288226776756202,16,21,normal
2024,Meningitis,Galle,1097372,4,April,5,0.45563400560612083,7.333333333333333,4.288226776756202,16,21,normal
2024,Meningitis,Galle,1097372,5,May,5,0.45563400560612083,7.333333333333333,4.288226776756202,16,21,normal
2024,Meningitis,Galle,1097372,6,June,3,0.2733804033636725,7.333333333333333,4.288226776756202,16,21,normal
2024,Meningitis,Galle,1097372,7,July,6,0.546760806727345,7.333333333333333,4.288226776756202,16,21,normal
2024,Meningitis,Galle,1097372,8,August,8,0.7290144089697933,7.333333333333333,4.288226776756202,16,21,normal
2024,Meningitis,Galle,1097372,9,September,2,0.18225360224244833,7.333333333333333,4.288226776756202,16,21,normal
2024,Meningitis,Galle,1097372,10,October,13,1.1846484145759142,7.333333333333333,4.288226776756202,16,21,normal
2024,Meningitis,Galle,1097372,11,November,16,1.4580288179395866,7.333333333333333,4.288226776756202,16,21,alert
2024,Meningitis,Galle,1097372,12,December,13,1.1846484145759142,7.333333333333333,4.288226776756202,16,21,normal
2024,Meningitis,Gampaha,2436142,1,January,2,0.08209702061702479,6.0,5.5377492419453835,18,23,normal
2024,Meningitis,Gampaha,2436142,2,February,3,0.12314553092553718,6.0,5.5377492419453835,18,23,normal
2024,Meningitis,Gampaha,2436142,3,March,0,0.0,6.0,5.5377492419453835,18,23,normal
2024,Meningitis,Gampaha,2436142,4,April,2,0.08209702061702479,6.0,5.5377492419453835,18,23,normal
2024,Meningitis,Gampaha,2436142,5,May,3,0.12314553092553718,6.0,5.5377492419453835,18,23,normal
2024,Meningitis,Gampaha,2436142,6,June,9,0.36943659277661156,6.0,5.5377492419453835,18,23,normal
2024,Meningitis,Gampaha,2436142,7,July,5,0.20524255154256196,6.0,5.5377492419453835,18,23,normal
2024,Meningitis,Gampaha,2436142,8,August,5,0.20524255154256196,6.0,5.5377492419453835,18,23,normal
2024,Meningitis,Gampaha,2436142,9,September,3,0.12314553092553718,6.0,5.5377492419453835,18,23,normal
2024,Meningitis,Gampaha,2436142,10,October,12,0.4925821237021487,6.0,5.5377492419453835,18,23,normal
2024,Meningitis,Gampaha,2436142,11,November,7,0.2873395721595868,6.0,5.5377492419453835,18,23,normal
2024,Meningitis,Gampaha,2436142,12,December,21,0.8620187164787603,6.0,5.5377492419453835,18,23,alert
2024,Meningitis,Hambantota,837889,1,January,0,0.0,2.5833333333333335,1.8465433171800283,7,9,normal
2024,Meningitis,Hambantota,837889,2,February,3,0.3580426524277082,2.5833333333333335,1.8465433171800283,7,9,normal
2024,Meningitis,Hambantota,837889,3,March,2,0.23869510161847213,2.5833333333333335,1.8465433171800283,7,9,normal
2024,Meningitis,Hambantota,837889,4,April,5,0.5967377540461803,2.5833333333333335,1.8465433171800283,7,9,normal
2024,Meningitis,Hambantota,837889,5,May,5,0.5967377540461803,2.5833333333333335,1.8465433171800283,7,9,normal
2024,Meningitis,Hambantota,837889,6,June,3,0.3580426524277082,2.5833333333333335,1.8465433171800283,7,9,normal
2024,Meningitis,Hambantota,837889,7,July,2,0.23869510161847213,2.5833333333333335,1.8465433171800283,7,9,normal
2024,Meningitis,Hambantota,837889,8,August,0,0.0,2.5833333333333335,1.8465433171800283,7,9,normal
2024,Meningitis,Hambantota,837889,9,September,1,0.11934755080923606,2.5833333333333335,1.8465433171800283,7,9,normal
2024,Meningitis,Hambantota,837889,10,October,2,0.23869510161847213,2.5833333333333335,1.8465433171800283,7,9,normal
2024,Meningitis,Hambantota,837889,11,November,2,0.23869510161847213,2.5833333333333335,1.8465433171800283,7,9,normal
2024,Meningitis,Hambantota,837889,12,December,6,0.7160853048554164,2.5833333333333335,1.8465433171800283,7,9,normal
2024,Meningitis,Jaffna,594751,1,January,14,2.353926264941127,4.916666666666667,3.4510465401414425,12,16,alert
2024,Meningitis,Jaffna,594751,2,February,6,1.0088255421176258,4.916666666666667,3.4510465401414425,12,16,normal
2024,Meningitis,Jaffna,594751,3,March,2,0.33627518070587525,4.916666666666667,3.4510465401414425,12,16,normal
2024,Meningitis,Jaffna,594751,4,April,3,0.5044127710588129,4.916666666666667,3.4510465401414425,12,16,normal
2024,Meningitis,Jaffna,594751,5,May,6,1.0088255421176258,4.916666666666667,3.4510465401414425,12,16,normal
2024,Meningitis,Jaffna,594751,6,June,4,0.6725503614117505,4.916666666666667,3.4510465401414425,12,16,normal
2024,Meningitis,Jaffna,594751,7,July,7,1.1769631324705634,4.916666666666667,3.4510465401414425,12,16,normal
2024,Meningitis,Jaffna,594751,8,August,3,0.5044127710588129,4.916666666666667,3.4510465401414425,12,16,normal
2024,Meningitis,Jaffna,594751,9,September,8,1.345100722823501,4.916666666666667,3.4510465401414425,12,16,normal
2024,Meningitis,Jaffna,594751,10,October,2,0.33627518070587525,4.916666666666667,3.4510465401414425,12,16,normal
2024,Meningitis,Jaffna,594751,11,November,3,0.5044127710588129,4.916666666666667,3.4510465401414425,12,16,normal
2024,Meningitis,Jaffna,594751,12,December,1,0.16813759035293763,4.916666666666667,3.4510465401414425,12,16,normal
2024,Meningitis,Kalmunai,52798,1,January,5,9.470055683927422,3.5,2.9860788111948193,10,13,normal
2024,Meningitis,Kalmunai,52798,2,February,2,3.7880222735709688,3.5,2.9860788111948193,10,13,normal
2024,Meningitis,Kalmunai,52798,3,March,1,1.8940111367854844,3.5,2.9860788111948193,10,13,normal
2024,Meningitis,Kalmunai,52798,4,April,2,3.7880222735709688,3.5,2.9860788111948193,10,13,normal
2024,Meningitis,Kalmunai,52798,5,May,3,5.6820334103564525,3.5,2.9860788111948193,10,13,normal
2024,Meningitis,Kalmunai,52798,6,June,2,3.7880222735709688,3.5,2.9860788111948193,10,13,normal
2024,Meningitis,Kalmunai,52798,7,July,0,0.0,3.5,2.9860788111948193,10,13,normal
2024,Meningitis,Kalmunai,52798,8,August,1,1.8940111367854844,3.5,2.9860788111948193,10,13,normal
2024,Meningitis,Kalmunai,52798,9,September,3,5.6820334103564525,3.5,2.9860788111948193,10,13,normal
2024,Meningitis,Kalmunai,52798,10,October,4,7.5760445471419375,3.5,2.9860788111948193,10,13,normal
2024,Meningitis,Kalmunai,52798,11,November,10,18.940111367854843,3.5,2.9860788111948193,10,13,alert
2024,Meningitis,Kalmunai,52798,12,December,9,17.04610023106936,3.5,2.9860788111948193,10,13,normal
2024,Meningitis,Kalutara,1305784,1,January,4,0.3063293775999706,3.3333333333333335,1.699673171197595,7,9,normal
2024,Meningitis,Kalutara,1305784,2,February,4,0.3063293775999706,3.3333333333333335,1.699673171197595,7,9,normal
2024,Meningitis,Kalutara,1305784,3,March,2,0.1531646887999853,3.3333333333333335,1.699673171197595,7,9,normal
2024,Meningitis,Kalutara,1305784,4,April,2,0.1531646887999853,3.3333333333333335,1.699673171197595,7,9,normal
2024,Meningitis,Kalutara,1305784,5,May,3,0.22974703319997794,3.3333333333333335,1.699673171197595,7,9,normal
2024,Meningitis,Kalutara,1305784,6,June,0,0.0,3.3333333333333335,1.699673171197595,7,9,normal
2024,Meningitis,Kalutara,1305784,7,July,3,0.22974703319997794,3.3333333333333335,1.699673171197595,7,9,normal
2024,Meningitis,Kalutara,1305784,8,August,2,0.1531646887999853,3.3333333333333335,1.699673171197595,7,9,normal
2024,Meningitis,Kalutara,1305784,9,September,5,0.38291172199996326,3.3333333333333335,1.699673171197595,7,9,normal
2024,Meningitis,Kalutara,1305784,10,October,4,0.3063293775999706,3.3333333333333335,1.699673171197595,7,9,normal
2024,Meningitis,Kalutara,1305784,11,November,4,0.3063293775999706,3.3333333333333335,1.699673171197595,7,9,normal
2024,Meningitis,Kalutara,1305784,12,December,7,0.5360764107999485,3.3333333333333335,1.699673171197595,7,9,alert
2024,Meningitis,Kandy,1461895,1,January,3,0.20521309669983137,2.3333333333333335,2.748737083745107,8,11,normal
2024,Meningitis,Kandy,1461895,2,February,2,0.13680873113322092,2.3333333333333335,2.748737083745107,8,11,normal
2024,Meningitis,Kandy,1461895,3,March,0,0.0,2.3333333333333335,2.748737083745107,8,11,normal
2024,Meningitis,Kandy,1461895,4,April,0,0.0,2.3333333333333335,2.748737083745107,8,11,normal
2024,Meningitis,Kandy,1461895,5,May,0,0.0,2.3333333333333335,2.748737083745107,8,11,normal
2024,Meningitis,Kandy,1461895,6,June,5,0.3420218278330523,2.3333333333333335,2.748737083745107,8,11,normal
2024,Meningitis,Kandy,1461895,7,July,10,0.6840436556661046,2.3333333333333335,2.748737083745107,8,11,alert
2024,Meningitis,Kandy,1461895,8,August,3,0.20521309669983137,2.3333333333333335,2.748737083745107,8,11,normal
2024,Meningitis,Kandy,1461895,9,September,2,0.13680873113322092,2.3333333333333335,2.748737083745107,8,11,normal
2024,Meningitis,Kandy,1461895,10,October,0,0.0,2.3333333333333335,2.748737083745107,8,11,normal
2024,Meningitis,Kandy,1461895,11,November,2,0.13680873113322092,2.3333333333333335,2.748737083745107,8,11,normal
2024,Meningitis,Kandy,1461895,12,December,1,0.06840436556661046,2.3333333333333335,2.748737083745107,8,11,normal
2024,Meningitis,Kegalle,870476,1,January,6,0.6892780501702517,4.5,5.008326400438906,15,20,normal
2024,Meningitis,Kegalle,870476,2,February,0,0.0,4.5,5.008326400438906,15,20,normal
2024,Meningitis,Kegalle,870476,3,March,0,0.0,4.5,5.008326400438906,15,20,normal
2024,Meningitis,Kegalle,870476,4,April,0,0.0,4.5,5.008326400438906,15,20,normal
2024,Meningitis,Kegalle,870476,5,May,0,0.0,4.5,5.008326400438906,15,20,normal
2024,Meningitis,Kegalle,870476,6,June,3,0.34463902508512584,4.5,5.008326400438906,15,20,normal
2024,Meningitis,Kegalle,870476,7,July,1,0.11487967502837527,4.5,5.008326400438906,15,20,normal
2024,Meningitis,Kegalle,870476,8,August,3,0.34463902508512584,4.5,5.008326400438906,15,20,normal
2024,Meningitis,Kegalle,870476,9,September,5,0.5743983751418764,4.5,5.008326400438906,15,20,normal
2024,Meningitis,Kegalle,870476,10,October,8,0.9190374002270022,4.5,5.008326400438906,15,20,normal
2024,Meningitis,Kegalle,870476,11,November,12,1.3785561003405034,4.5,5.008326400438906,15,20,normal
2024,Meningitis,Kegalle,870476,12,December,16,1.8380748004540044,4.5,5.008326400438906,15,20,alert
2024,Meningitis,Kilinochchi,123756,1,January,0,0.0,1.4166666666666667,1.6562172428626492,5,7,normal
2024,Meningitis,Kilinochchi,123756,2,February,0,0.0,1.4166666666666667,1.6562172428626492,5,7,normal
2024,Meningitis,Kilinochchi,123756,3,March,2,1.6160832606095865,1.4166666666666667,1.6562172428626492,5,7,normal
2024,Meningitis,Kilinochchi,123756,4,April,2,1.6160832606095865,1.4166666666666667,1.6562172428626492,5,7,normal
2024,Meningitis,Kilinochchi,123756,5,May,0,0.0,1.4166666666666667,1.6562172428626492,5,7,normal
2024,Meningitis,Kilinochchi,123756,6,June,2,1.6160832606095865,1.4166666666666667,1.6562172428626492,5,7,normal
2024,Meningitis,Kilinochchi,123756,7,July,2,1.6160832606095865,1.4166666666666667,1.6562172428626492,5,7,normal
2024,Meningitis,Kilinochchi,123756,8,August,2,1.6160832606095865,1.4166666666666667,1.6562172428626492,5,7,normal
2024,Meningitis,Kilinochchi,123756,9,September,6,4.84824978182876,1.4166666666666667,1.6562172428626492,5,7,alert
2024,Meningitis,Kilinochchi,123756,10,October,0,0.0,1.4166666666666667,1.6562172428626492,5,7,normal
2024,Meningitis,Kilinochchi,123756,11,November,0,0.0,1.4166666666666667,1.6562172428626492,5,7,normal
2024,Meningitis,Kilinochchi,123756,12,December,1,0.8080416303047933,1.4166666666666667,1.6562172428626492,5,7,normal
2024,Meningitis,Kurunegala,1768156,1,January,3,0.16966828718732962,8.416666666666666,6.588605483880654,22,29,normal
2024,Meningitis,Kurunegala,1768156,2,February,3,0.16966828718732962,8.416666666666666,6.588605483880654,22,29,normal
2024,Meningitis,Kurunegala,1768156,3,March,3,0.16966828718732962,8.416666666666666,6.588605483880654,22,29,normal
2024,Meningitis,Kurunegala,1768156,4,April,5,0.2827804786455494,8.416666666666666,6.588605483880654,22,29,normal
2024,Meningitis,Kurunegala,1768156,5,May,6,0.33933657437465925,8.416666666666666,6.588605483880654,22,29,normal
2024,Meningitis,Kurunegala,1768156,6,June,6,0.33933657437465925,8.416666666666666,6.588605483880654,22,29,normal
2024,Meningitis,Kurunegala,1768156,7,July,8,0.452448765832879,8.416666666666666,6.588605483880654,22,29,normal
2024,Meningitis,Kurunegala,1768156,8,August,4,0.2262243829164395,8.416666666666666,6.588605483880654,22,29,normal
2024,Meningitis,Kurunegala,1768156,9,September,7,0.3958926701037691,8.416666666666666,6.588605483880654,22,29,normal
2024,Meningitis,Kurunegala,1768156,10,October,18,1.0180097231239777,8.416666666666666,6.588605483880654,22,29,normal
2024,Meningitis,Kurunegala,1768156,11,November,25,1.4139023932277468,8.416666666666666,6.588605483880654,22,29,alert
2024,Meningitis,Kurunegala,1768156,12,December,13,0.7352292444784284,8.416666666666666,6.588605483880654,22,29,normal
2024,Meningitis,Mannar,172312,1,January,1,0.5803426342912855,1.75,2.384848003542364,7,9,normal
2024,Meningitis,Mannar,172312,2,February,0,0.0,1.75,2.384848003542364,7,9,normal
2024,Meningitis,Mannar,172312,3,March,0,0.0,1.75,2.384848003542364,7,9,normal
2024,Meningitis,Mannar,172312,4,April,0,0.0,1.75,2.384848003542364,7,9,normal
2024,Meningitis,Mannar,172312,5,May,2,1.160685268582571,1.75,2.384848003542364,7,9,normal
2024,Meningitis,Mannar,172312,6,June,1,0.5803426342912855,1.75,2.384848003542364,7,9,normal
2024,Meningitis,Mannar,172312,7,July,1,0.5803426342912855,1.75,2.384848003542364,7,9,normal
2024,Meningitis,Mannar,172312,8,August,2,1.160685268582571,1.75,2.384848003542364,7,9,normal
2024,Meningitis,Mannar,172312,9,September,2,1.160685268582571,1.75,2.384848003542364,7,9,normal
2024,Meningitis,Mannar,172312,10,October,0,0.0,1.75,2.384848003542364,7,9,normal
2024,Meningitis,Mannar,172312,11,November,9,5.22308370862157,1.75,2.384848003542364,7,9,outbreak
2024,Meningitis,Mannar,172312,12,December,3,1.7410279028738567,1.75,2.384848003542364,7,9,normal
2024,Meningitis,Matale,526870,1,January,1,0.18980014045210394,1.9166666666666667,2.2157893000513886,7,9,normal
2024,Meningitis,Matale,526870,2,February,0,0.0,1.9166666666666667,2.2157893000513886,7,9,normal
2024,Meningitis,Matale,526870,3,March,0,0.0,1.9166666666666667,2.2157893000513886,7,9,normal
2024,Meningitis,Matale,526870,4,April,0,0.0,1.9166666666666667,2.2157893000513886,7,9,normal
2024,Meningitis,Matale,526870,5,May,0,0.0,1.9166666666666667,2.2157893000513886,7,9,normal
2024,Meningitis,Matale,526870,6,June,2,0.3796002809042079,1.9166666666666667,2.2157893000513886,7,9,normal
2024,Meningitis,Matale,526870,7,July,5,0.9490007022605197,1.9166666666666667,2.2157893000513886,7,9,normal
2024,Meningitis,Matale,526870,8,August,2,0.3796002809042079,1.9166666666666667,2.2157893000513886,7,9,normal
2024,Meningitis,Matale,526870,9,September,2,0.3796002809042079,1.9166666666666667,2.2157893000513886,7,9,normal
2024,Meningitis,Matale,526870,10,October,7,1.3286009831647276,1.9166666666666667,2.2157893000513886,7,9,alert
2024,Meningitis,Matale,526870,11,November,4,0.7592005618084158,1.9166666666666667,2.2157893000513886,7,9,normal
2024,Meningitis,Matale,526870,12,December,0,0.0,1.9166666666666667,2.2157893000513886,7,9,normal
2024,Meningitis,Matara,671418,1,January,2,0.2978770304043085,1.6666666666666667,2.0548046676563256,6,8,normal
2024,Meningitis,Matara,671418,2,February,0,0.0,1.6666666666666667,2.0548046676563256,6,8,normal
2024,Meningitis,Matara,671418,3,March,0,0.0,1.6666666666666667,2.0548046676563256,6,8,normal
2024,Meningitis,Matara,671418,4,April,0,0.0,1.6666666666666667,2.0548046676563256,6,8,normal
2024,Meningitis,Matara,671418,5,May,0,0.0,1.6666666666666667,2.0548046676563256,6,8,normal
2024,Meningitis,Matara,671418,6,June,0,0.0,1.6666666666666667,2.0548046676563256,6,8,normal
2024,Meningitis,Matara,671418,7,July,3,0.44681554560646275,1.6666666666666667,2.0548046676563256,6,8,normal
2024,Meningitis,Matara,671418,8,August,1,0.14893851520215426,1.6666666666666667,2.0548046676563256,6,8,normal
2024,Meningitis,Matara,671418,9,September,0,0.0,1.6666666666666667,2.0548046676563256,6,8,normal
2024,Meningitis,Matara,671418,10,October,5,0.7446925760107712,1.6666666666666667,2.0548046676563256,6,8,normal
2024,Meningitis,Matara,671418,11,November,6,0.8936310912129255,1.6666666666666667,2.0548046676563256,6,8,alert
2024,Meningitis,Matara,671418,12,December,3,0.44681554560646275,1.6666666666666667,2.0548046676563256,6,8,normal
2024,Meningitis,Monaragala,527585,1,January,2,0.37908583451007893,2.9166666666666665,1.9346977943739831,7,9,normal
2024,Meningitis,Monaragala,527585,2,February,0,0.0,2.9166666666666665,1.9346977943739831,7,9,normal
2024,Meningitis,Monaragala,527585,3,March,2,0.37908583451007893,2.9166666666666665,1.9346977943739831,7,9,normal
2024,Meningitis,Monaragala,527585,4,April,2,0.37908583451007893,2.9166666666666665,1.9346977943739831,7,9,normal
2024,Meningitis,Monaragala,527585,5,May,2,0.37908583451007893,2.9166666666666665,1.9346977943739831,7,9,normal
2024,Meningitis,Monaragala,527585,6,June,2,0.37908583451007893,2.9166666666666665,1.9346977943739831,7,9,normal
2024,Meningitis,Monaragala,527585,7,July,5,0.9477145862751973,2.9166666666666665,1.9346977943739831,7,9,normal
2024,Meningitis,Monaragala,527585,8,August,0,0.0,2.9166666666666665,1.9346977943739831,7,9,normal
2024,Meningitis,Monaragala,527585,9,September,5,0.9477145862751973,2.9166666666666665,1.9346977943739831,7,9,normal
2024,Meningitis,Monaragala,527585,10,October,6,1.1372575035302368,2.9166666666666665,1.9346977943739831,7,9,normal
2024,Meningitis,Monaragala,527585,11,November,4,0.7581716690201579,2.9166666666666665,1.9346977943739831,7,9,normal
2024,Meningitis,Monaragala,527585,12,December,5,0.9477145862751973,2.9166666666666665,1.9346977943739831,7,9,normal
2024,Meningitis,Mullaitivu,136710,1,January,3,2.194426157559798,0.9166666666666666,1.114924013354971,4,5,normal
2024,Meningitis,Mullaitivu,136710,2,February,0,0.0,0.9166666666666666,1.114924013354971,4,5,normal
2024,Meningitis,Mullaitivu,136710,3,March,1,0.731475385853266,0.9166666666666666,1.114924013354971,4,5,normal
2024,Meningitis,Mullaitivu,136710,4,April,0,0.0,0.9166666666666666,1.114924013354971,4,5,normal
2024,Meningitis,Mullaitivu,136710,5,May,0,0.0,0.9166666666666666,1.114924013354971,4,5,normal
2024,Meningitis,Mullaitivu,136710,6,June,1,0.731475385853266,0.9166666666666666,1.114924013354971,4,5,normal
2024,Meningitis,Mullaitivu,136710,7,July,2,1.462950771706532,0.9166666666666666,1.114924013354971,4,5,normal
2024,Meningitis,Mullaitivu,136710,8,August,0,0.0,0.9166666666666666,1.114924013354971,4,5,normal
2024,Meningitis,Mullaitivu,136710,9,September,1,0.731475385853266,0.9166666666666666,1.114924013354971,4,5,normal
2024,Meningitis,Mullaitivu,136710,10,October,0,0.0,0.9166666666666666,1.114924013354971,4,5,normal
2024,Meningitis,Mullaitivu,136710,11,November,0,0.0,0.9166666666666666,1.114924013354971,4,5,normal
2024,Meningitis,Mullaitivu,136710,12,December,3,2.194426157559798,0.9166666666666666,1.114924013354971,4,5,normal
2024,Meningitis,Nuwara Eliya,725280,1,January,11,1.5166556364438561,10.083333333333334,8.149216049548706,27,35,normal
2024,Meningitis,Nuwara Eliya,725280,2,February,5,0.6893889256562983,10.083333333333334,8.149216049548706,27,35,normal
2024,Meningitis,Nuwara Eliya,725280,3,March,5,0.6893889256562983,10.083333333333334,8.149216049548706,27,35,normal
2024,Meningitis,Nuwara Eliya,725280,4,April,11,1.5166556364438561,10.083333333333334,8.149216049548706,27,35,normal
2024,Meningitis,Nuwara Eliya,725280,5,May,22,3.0333112728877123,10.083333333333334,8.149216049548706,27,35,normal
2024,Meningitis,Nuwara Eliya,725280,6,June,18,2.481800132362674,10.083333333333334,8.149216049548706,27,35,normal
2024,Meningitis,Nuwara Eliya,725280,7,July,27,3.7227001985440107,10.083333333333334,8.149216049548706,27,35,alert
2024,Meningitis,Nuwara Eliya,725280,8,August,8,1.1030222810500772,10.083333333333334,8.149216049548706,27,35,normal
2024,Meningitis,Nuwara Eliya,725280,9,September,11,1.5166556364438561,10.083333333333334,8.149216049548706,27,35,normal
2024,Meningitis,Nuwara Eliya,725280,10,October,1,0.13787778513125964,10.083333333333334,8.149216049548706,27,35,normal
2024,Meningitis,Nuwara Eliya,725280,11,November,1,0.13787778513125964,10.083333333333334,8.149216049548706,27,35,normal
2024,Meningitis,Nuwara Eliya,725280,12,December,1,0.13787778513125964,10.083333333333334,8.149216049548706,27,35,normal
2024,Meningitis,Polonnaruwa,447530,1,January,3,0.670346122047684,2.0,0.7071067811865476,4,5,normal
2024,Meningitis,Polonnaruwa,447530,2,February,2,0.44689741469845595,2.0,0.7071067811865476,4,5,normal
2024,Meningitis,Polonnaruwa,447530,3,March,2,0.44689741469845595,2.0,0.7071067811865476,4,5,normal
2024,Meningitis,Polonnaruwa,447530,4,April,2,0.44689741469845595,2.0,0.7071067811865476,4,5,normal
2024,Meningitis,Polonnaruwa,447530,5,May,1,0.22344870734922798,2.0,0.7071067811865476,4,5,normal
2024,Meningitis,Polonnaruwa,447530,6,June,1,0.22344870734922798,2.0,0.7071067811865476,4,5,normal
2024,Meningitis,Polonnaruwa,447530,7,July,2,0.44689741469845595,2.0,0.7071067811865476,4,5,normal
2024,Meningitis,Polonnaruwa,447530,8,August,2,0.44689741469845595,2.0,0.7071067811865476,4,5,normal
2024,Meningitis,Polonnaruwa,447530,9,September,3,0.670346122047684,2.0,0.7071067811865476,4,5,normal
2024,Meningitis,Polonnaruwa,447530,10,October,1,0.22344870734922798,2.0,0.7071067811865476,4,5,normal
2024,Meningitis,Polonnaruwa,447530,11,November,2,0.44689741469845595,2.0,0.7071067811865476,4,5,normal
2024,Meningitis,Polonnaruwa,447530,12,December,3,0.670346122047684,2.0,0.7071067811865476,4,5,normal
2024,Meningitis,Puttalam,818816,1,January,0,0.0,3.25,3.98172910513343,12,16,normal
2024,Meningitis,Puttalam,818816,2,February,1,0.12212755979365328,3.25,3.98172910513343,12,16,normal
2024,Meningitis,Puttalam,818816,3,March,1,0.12212755979365328,3.25,3.98172910513343,12,16,normal
2024,Meningitis,Puttalam,818816,4,April,1,0.12212755979365328,3.25,3.98172910513343,12,16,normal
2024,Meningitis,Puttalam,818816,5,May,0,0.0,3.25,3.98172910513343,12,16,normal
2024,Meningitis,Puttalam,818816,6,June,3,0.3663826793809598,3.25,3.98172910513343,12,16,normal
2024,Meningitis,Puttalam,818816,7,July,1,0.12212755979365328,3.25,3.98172910513343,12,16,normal
2024,Meningitis,Puttalam,818816,8,August,2,0.24425511958730656,3.25,3.98172910513343,12,16,normal
2024,Meningitis,Puttalam,818816,9,September,1,0.12212755979365328,3.25,3.98172910513343,12,16,normal
2024,Meningitis,Puttalam,818816,10,October,13,1.5876582773174925,3.25,3.98172910513343,12,16,alert
2024,Meningitis,Puttalam,818816,11,November,9,1.0991480381428795,3.25,3.98172910513343,12,16,normal
2024,Meningitis,Puttalam,818816,12,December,7,0.8548929185555729,3.25,3.98172910513343,12,16,normal
2024,Meningitis,Ratnapura,1145423,1,January,14,1.2222558827612158,10.5,3.3291640592396967,18,21,normal
2024,Meningitis,Ratnapura,1145423,2,February,3,0.26191197487740336,10.5,3.3291640592396967,18,21,normal
2024,Meningitis,Ratnapura,1145423,3,March,8,0.6984319330064089,10.5,3.3291640592396967,18,21,normal
2024,Meningitis,Ratnapura,1145423,4,April,12,1.0476478995096135,10.5,3.3291640592396967,18,21,normal
2024,Meningitis,Ratnapura,1145423,5,May,10,0.8730399162580113,10.5,3.3291640592396967,18,21,normal
2024,Meningitis,Ratnapura,1145423,6,June,8,0.6984319330064089,10.5,3.3291640592396967,18,21,normal
2024,Meningitis,Ratnapura,1145423,7,July,14,1.2222558827612158,10.5,3.3291640592396967,18,21,normal
2024,Meningitis,Ratnapura,1145423,8,August,7,0.6111279413806079,10.5,3.3291640592396967,18,21,normal
2024,Meningitis,Ratnapura,1145423,9,September,13,1.1349518911354146,10.5,3.3291640592396967,18,21,normal
2024,Meningitis,Ratnapura,1145423,10,October,10,0.8730399162580113,10.5,3.3291640592396967,18,21,normal
2024,Meningitis,Ratnapura,1145423,11,November,13,1.1349518911354146,10.5,3.3291640592396967,18,21,normal
2024,Meningitis,Ratnapura,1145423,12,December,14,1.2222558827612158,10.5,3.3291640592396967,18,21,normal
2024,Meningitis,Trincomalee,442745,1,January,4,0.903454584467357,1.6666666666666667,1.4337208778404378,5,6,normal
2024,Meningitis,Trincomalee,442745,2,February,0,0.0,1.6666666666666667,1.4337208778404378,5,6,normal
2024,Meningitis,Trincomalee,442745,3,March,4,0.903454584467357,1.6666666666666667,1.4337208778404378,5,6,normal
2024,Meningitis,Trincomalee,442745,4,April,3,0.6775909383505178,1.6666666666666667,1.4337208778404378,5,6,normal
2024,Meningitis,Trincomalee,442745,5,May,2,0.4517272922336785,1.6666666666666667,1.4337208778404378,5,6,normal
2024,Meningitis,Trincomalee,442745,6,June,0,0.0,1.6666666666666667,1.4337208778404378,5,6,normal
2024,Meningitis,Trincomalee,442745,7,July,2,0.4517272922336785,1.6666666666666667,1.4337208778404378,5,6,normal
2024,Meningitis,Trincomalee,442745,8,August,0,0.0,1.6666666666666667,1.4337208778404378,5,6,normal
2024,Meningitis,Trincomalee,442745,9,September,2,0.4517272922336785,1.6666666666666667,1.4337208778404378,5,6,normal
2024,Meningitis,Trincomalee,442745,10,October,2,0.4517272922336785,1.6666666666666667,1.4337208778404378,5,6,normal
2024,Meningitis,Trincomalee,442745,11,November,1,0.22586364611683926,1.6666666666666667,1.4337208778404378,5,6,normal
2024,Meningitis,Trincomalee,442745,12,December,0,0.0,1.6666666666666667,1.4337208778404378,5,6,normal
2024,Meningitis,Vavuniya,122619,1,January,1,0.8155342972948727,1.6666666666666667,1.247219128924647,5,6,normal
2024,Meningitis,Vavuniya,122619,2,February,0,0.0,1.6666666666666667,1.247219128924647,5,6,normal
2024,Meningitis,Vavuniya,122619,3,March,0,0.0,1.6666666666666667,1.247219128924647,5,6,normal
2024,Meningitis,Vavuniya,122619,4,April,0,0.0,1.6666666666666667,1.247219128924647,5,6,normal
2024,Meningitis,Vavuniya,122619,5,May,3,2.446602891884618,1.6666666666666667,1.247219128924647,5,6,normal
2024,Meningitis,Vavuniya,122619,6,June,3,2.446602891884618,1.6666666666666667,1.247219128924647,5,6,normal
2024,Meningitis,Vavuniya,122619,7,July,4,3.262137189179491,1.6666666666666667,1.247219128924647,5,6,normal
2024,Meningitis,Vavuniya,122619,8,August,2,1.6310685945897454,1.6666666666666667,1.247219128924647,5,6,normal
2024,Meningitis,Vavuniya,122619,9,September,1,0.8155342972948727,1.6666666666666667,1.247219128924647,5,6,normal
2024,Meningitis,Vavuniya,122619,10,October,2,1.6310685945897454,1.6666666666666667,1.247219128924647,5,6,normal
2024,Meningitis,Vavuniya,122619,11,November,2,1.6310685945897454,1.6666666666666667,1.247219128924647,5,6,normal
2024,Meningitis,Vavuniya,122619,12,December,2,1.6310685945897454,1.6666666666666667,1.247219128924647,5,6,normal
2024,Tuberculosis,Ampara,744551,1,January,8,1.0744730716901865,6.583333333333333,4.627064103967247,16,21,normal
2024,Tuberculosis,Ampara,744551,2,February,14,1.8803278754578263,6.583333333333333,4.627064103967247,16,21,normal
2024,Tuberculosis,Ampara,744551,3,March,17,2.283255277341646,6.583333333333333,4.627064103967247,16,21,alert
2024,Tuberculosis,Ampara,744551,4,April,7,0.9401639377289132,6.583333333333333,4.627064103967247,16,21,normal
2024,Tuberculosis,Ampara,744551,5,May,5,0.6715456698063665,6.583333333333333,4.627064103967247,16,21,normal
2024,Tuberculosis,Ampara,744551,6,June,9,1.2087822056514597,6.583333333333333,4.627064103967247,16,21,normal
2024,Tuberculosis,Ampara,744551,7,July,5,0.6715456698063665,6.583333333333333,4.627064103967247,16,21,normal
2024,Tuberculosis,Ampara,744551,8,August,5,0.6715456698063665,6.583333333333333,4.627064103967247,16,21,normal
2024,Tuberculosis,Ampara,744551,9,September,3,0.4029274018838199,6.583333333333333,4.627064103967247,16,21,normal
2024,Tuberculosis,Ampara,744551,10,October,3,0.4029274018838199,6.583333333333333,4.627064103967247,16,21,normal
2024,Tuberculosis,Ampara,744551,11,November,2,0.2686182679225466,6.583333333333333,4.627064103967247,16,21,normal
2024,Tuberculosis,Ampara,744551,12,December,1,0.1343091339612733,6.583333333333333,4.627064103967247,16,21,normal
2024,Tuberculosis,Anuradhapura,960080,1,January,37,3.853845512873927,25.833333333333332,6.242773600109348,39,45,normal
2024,Tuberculosis,Anuradhapura,960080,2,February,29,3.0205816181984835,25.833333333333332,6.242773600109348,39,45,normal
2024,Tuberculosis,Anuradhapura,960080,3,March,27,2.8122656445296226,25.833333333333332,6.242773600109348,39,45,normal
2024,Tuberculosis,Anuradhapura,960080,4,April,27,2.8122656445296226,25.833333333333332,6.242773600109348,39,45,normal
2024,Tuberculosis,Anuradhapura,960080,5,May,32,3.333055578701775,25.833333333333332,6.242773600109348,39,45,normal
2024,Tuberculosis,Anuradhapura,960080,6,June,29,3.0205816181984835,25.833333333333332,6.242773600109348,39,45,normal
2024,Tuberculosis,Anuradhapura,960080,7,July,30,3.124739605032914,25.833333333333332,6.242773600109348,39,45,normal
2024,Tuberculosis,Anuradhapura,960080,8,August,25,2.6039496708607617,25.833333333333332,6.242773600109348,39,45,normal
2024,Tuberculosis,Anuradhapura,960080,9,September,18,1.8748437630197483,25.833333333333332,6.242773600109348,39,45,normal
2024,Tuberculosis,Anuradhapura,960080,10,October,21,2.18731772352304,25.833333333333332,6.242773600109348,39,45,normal
2024,Tuberculosis,Anuradhapura,960080,11,November,22,2.2914757103574703,25.833333333333332,6.242773600109348,39,45,normal
2024,Tuberculosis,Anuradhapura,960080,12,December,13,1.354053828847596,25.833333333333332,6.242773600109348,39,45,normal
2024,Tuberculosis,Badulla,872307,1,January,16,1.8342166232759796,19.083333333333332,7.620786631896271,35,42,normal
2024,Tuberculosis,Badulla,872307,2,February,7,0.8024697726832412,19.083333333333332,7.620786631896271,35,42,normal
2024,Tuberculosis,Badulla,872307,3,March,25,2.8659634738687183,19.083333333333332,7.620786631896271,35,42,normal
2024,Tuberculosis,Badulla,872307,4,April,16,1.8342166232759796,19.083333333333332,7.620786631896271,35,42,normal
2024,Tuberculosis,Badulla,872307,5,May,18,2.063493701185477,19.083333333333332,7.620786631896271,35,42,normal
2024,Tuberculosis,Badulla,872307,6,June,21,2.4074093180497234,19.083333333333332,7.620786631896271,35,42,normal
2024,Tuberculosis,Badulla,872307,7,July,35,4.0123488634162054,19.083333333333332,7.620786631896271,35,42,alert
2024,Tuberculosis,Badulla,872307,8,August,13,1.4903010064117335,19.083333333333332,7.620786631896271,35,42,normal
2024,Tuberculosis,Badulla,872307,9,September,30,3.439156168642462,19.083333333333332,7.620786631896271,35,42,normal
2024,Tuberculosis,Badulla,872307,10,October,22,2.522047857004472,19.083333333333332,7.620786631896271,35,42,normal
2024,Tuberculosis,Badulla,872307,11,November,13,1.4903010064117335,19.083333333333332,7.620786631896271,35,42,normal
2024,Tuberculosis,Badulla,872307,12,December,13,1.4903010064117335,19.083333333333332,7.620786631896271,35,42,normal
2024,Tuberculosis,Batticaloa,595918,1,January,18,3.0205498071882375,13.166666666666666,6.162160515778717,26,32,normal
2024,Tuberculosis,Batticaloa,595918,2,February,4,0.671233290486275,13.166666666666666,6.162160515778717,26,32,normal
2024,Tuberculosis,Batticaloa,595918,3,March,13,2.1815081940803935,13.166666666666666,6.162160515778717,26,32,normal
2024,Tuberculosis,Batticaloa,595918,4,April,23,3.859591420296081,13.166666666666666,6.162160515778717,26,32,normal
2024,Tuberculosis,Batticaloa,595918,5,May,8,1.34246658097255,13.166666666666666,6.162160515778717,26,32,normal
2024,Tuberculosis,Batticaloa,595918,6,June,18,3.0205498071882375,13.166666666666666,6.162160515778717,26,32,normal
2024,Tuberculosis,Batticaloa,595918,7,July,24,4.02739974291765,13.166666666666666,6.162160515778717,26,32,normal
2024,Tuberculosis,Batticaloa,595918,8,August,8,1.34246658097255,13.166666666666666,6.162160515778717,26,32,normal
2024,Tuberculosis,Batticaloa,595918,9,September,15,2.517124839323531,13.166666666666666,6.162160515778717,26,32,normal
2024,Tuberculosis,Batticaloa,595918,10,October,10,1.6780832262156873,13.166666666666666,6.162160515778717,26,32,normal
2024,Tuberculosis,Batticaloa,595918,11,November,8,1.34246658097255,13.166666666666666,6.162160515778717,26,32,normal
2024,Tuberculosis,Batticaloa,595918,12,December,9,1.5102749035941188,13.166666666666666,6.162160515778717,26,32,normal
2024,Tuberculosis,Colombo,2375415,1,January,192,8.082798163689292,183.58333333333334,30.21439594336154,245,275,normal
2024,Tuberculosis,Colombo,2375415,2,February,178,7.493427464253615,183.58333333333334,30.21439594336154,245,275,normal
2024,Tuberculosis,Colombo,2375415,3,March,197,8.293287699202034,183.58333333333334,30.21439594336154,245,275,normal
2024,Tuberculosis,Colombo,2375415,4,April,206,8.67216886312497,183.58333333333334,30.21439594336154,245,275,normal
2024,Tuberculosis,Colombo,2375415,5,May,169,7.114546300330679,183.58333333333334,30.21439594336154,245,275,normal
2024,Tuberculosis,Colombo,2375415,6,June,168,7.072448393228131,183.58333333333334,30.21439594336154,245,275,normal
2024,Tuberculosis,Colombo,2375415,7,July,265,11.155945382175325,183.58333333333334,30.21439594336154,245,275,alert
2024,Tuberculosis,Colombo,2375415,8,August,172,7.240840021638324,183.58333333333334,30.21439594336154,245,275,normal
2024,Tuberculosis,Colombo,2375415,9,September,181,7.61972118556126,183.58333333333334,30.21439594336154,245,275,normal
2024,Tuberculosis,Colombo,2375415,10,October,162,6.81986095061284,183.58333333333334,30.21439594336154,245,275,normal
2024,Tuberculosis,Colombo,2375415,11,November,179,7.535525371356163,183.58333333333334,30.21439594336154,245,275,normal
2024,Tuberculosis,Colombo,2375415,12,December,134,5.641119551741485,183.58333333333334,30.21439594336154,245,275,normal
2024,Tuberculosis,Galle,1097372,1,January,34,3.0983112381216213,35.083333333333336,11.28759151556355,58,69,normal
2024,Tuberculosis,Galle,1097372,2,February,5,0.45563400560612083,35.083333333333336,11.28759151556355,58,69,normal
2024,Tuberculosis,Galle,1097372,3,March,49,4.465213254939984,35.083333333333336,11.28759151556355,58,69,normal
2024,Tuberculosis,Galle,1097372,4,April,37,3.371691641485294,35.083333333333336,11.28759151556355,58,69,normal
2024,Tuberculosis,Galle,1097372,5,May,29,2.6426772325155006,35.083333333333336,11.28759151556355,58,69,normal
2024,Tuberculosis,Galle,1097372,6,June,37,3.371691641485294,35.083333333333336,11.28759151556355,58,69,normal
2024,Tuberculosis,Galle,1097372,7,July,54,4.920847260546105,35.083333333333336,11.28759151556355,58,69,normal
2024,Tuberculosis,Galle,1097372,8,August,32,2.916057635879173,35.083333333333336,11.28759151556355,58,69,normal
2024,Tuberculosis,Galle,1097372,9,September,37,3.371691641485294,35.083333333333336,11.28759151556355,58,69,normal
2024,Tuberculosis,Galle,1097372,10,October,36,3.28056484036407,35.083333333333336,11.28759151556355,58,69,normal
2024,Tuberculosis,Galle,1097372,11,November,38,3.462818442606518,35.083333333333336,11.28759151556355,58,69,normal
2024,Tuberculosis,Galle,1097372,12,December,33,3.0071844370003973,35.083333333333336,11.28759151556355,58,69,normal
2024,Tuberculosis,Gampaha,2436142,1,January,114,4.679530175170413,101.0,24.79919353527449,151,176,normal
2024,Tuberculosis,Gampaha,2436142,2,February,103,4.227996561776776,101.0,24.79919353527449,151,176,normal
2024,Tuberculosis,Gampaha,2436142,3,March,110,4.515336133936363,101.0,24.79919353527449,151,176,normal
2024,Tuberculosis,Gampaha,2436142,4,April,124,5.090015278255537,101.0,24.79919353527449,151,176,normal
2024,Tuberculosis,Gampaha,2436142,5,May,86,3.5301718865320657,101.0,24.79919353527449,151,176,normal
2024,Tuberculosis,Gampaha,2436142,6,June,94,3.858559969000165,101.0,24.79919353527449,151,176,normal
2024,Tuberculosis,Gampaha,2436142,7,July,150,6.157276546276859,101.0,24.79919353527449,151,176,normal
2024,Tuberculosis,Gampaha,2436142,8,August,100,4.10485103085124,101.0,24.79919353527449,151,176,normal
2024,Tuberculosis,Gampaha,2436142,9,September,115,4.720578685478925,101.0,24.79919353527449,151,176,normal
2024,Tuberculosis,Gampaha,2436142,10,October,48,1.9703284948085948,101.0,24.79919353527449,151,176,normal
2024,Tuberculosis,Gampaha,2436142,11,November,97,3.981705499925702,101.0,24.79919353527449,151,176,normal
2024,Tuberculosis,Gampaha,2436142,12,December,71,2.91444423190438,101.0,24.79919353527449,151,176,normal
2024,Tuberculosis,Hambantota,837889,1,January,13,1.551518160520069,16.5,12.645816172421085,42,55,normal
2024,Tuberculosis,Hambantota,837889,2,February,24,2.8643412194216658,16.5,12.645816172421085,42,55,normal
2024,Tuberculosis,Hambantota,837889,3,March,17,2.0289083637570133,16.5,12.645816172421085,42,55,normal
2024,Tuberculosis,Hambantota,837889,4,April,0,0.0,16.5,12.645816172421085,42,55,normal
2024,Tuberculosis,Hambantota,837889,5,May,13,1.551518160520069,16.5,12.645816172421085,42,55,normal
2024,Tuberculosis,Hambantota,837889,6,June,29,3.461078973467846,16.5,12.645816172421085,42,55,normal
2024,Tuberculosis,Hambantota,837889,7,July,8,0.9547804064738885,16.5,12.645816172421085,42,55,normal
2024,Tuberculosis,Hambantota,837889,8,August,49,5.848029989652567,16.5,12.645816172421085,42,55,alert
2024,Tuberculosis,Hambantota,837889,9,September,14,1.670865711329305,16.5,12.645816172421085,42,55,normal
2024,Tuberculosis,Hambantota,837889,10,October,0,0.0,16.5,12.645816172421085,42,55,normal
2024,Tuberculosis,Hambantota,837889,11,November,16,1.909560812947777,16.5,12.645816172421085,42,55,normal
2024,Tuberculosis,Hambantota,837889,12,December,15,1.790213262138541,16.5,12.645816172421085,42,55,normal
2024,Tuberculosis,Jaffna,594751,1,January,10,1.6813759035293763,21.083333333333332,10.10328604409916,42,52,normal
2024,Tuberculosis,Jaffna,594751,2,February,11,1.8495134938823137,21.083333333333332,10.10328604409916,42,52,normal
2024,Tuberculosis,Jaffna,594751,3,March,22,3.6990269877646273,21.083333333333332,10.10328604409916,42,52,normal
2024,Tuberculosis,Jaffna,594751,4,April,47,7.902466746588068,21.083333333333332,10.10328604409916,42,52,alert
2024,Tuberculosis,Jaffna,594751,5,May,35,5.884815662352817,21.083333333333332,10.10328604409916,42,52,normal
2024,Tuberculosis,Jaffna,594751,6,June,23,3.867164578117565,21.083333333333332,10.10328604409916,42,52,normal
2024,Tuberculosis,Jaffna,594751,7,July,19,3.1946142167058147,21.083333333333332,10.10328604409916,42,52,normal
2024,Tuberculosis,Jaffna,594751,8,August,14,2.353926264941127,21.083333333333332,10.10328604409916,42,52,normal
2024,Tuberculosis,Jaffna,594751,9,September,15,2.522063855294064,21.083333333333332,10.10328604409916,42,52,normal
2024,Tuberculosis,Jaffna,594751,10,October,20,3.3627518070587525,21.083333333333332,10.10328604409916,42,52,normal
2024,Tuberculosis,Jaffna,594751,11,November,15,2.522063855294064,21.083333333333332,10.10328604409916,42,52,normal
2024,Tuberculosis,Jaffna,594751,12,December,22,3.6990269877646273,21.083333333333332,10.10328604409916,42,52,normal
2024,Tuberculosis,Kalmunai,52798,1,January,15,28.410167051782263,10.75,5.402545696243577,22,27,normal
2024,Tuberculosis,Kalmunai,52798,2,February,1,1.8940111367854844,10.75,5.402545696243577,22,27,normal
2024,Tuberculosis,Kalmunai,52798,3,March,8,15.152089094283875,10.75,5.402545696243577,22,27,normal
2024,Tuberculosis,Kalmunai,52798,4,April,12,22.72813364142581,10.75,5.402545696243577,22,27,normal
2024,Tuberculosis,Kalmunai,52798,5,May,13,24.622144778211297,10.75,5.402545696243577,22,27,normal
2024,Tuberculosis,Kalmunai,52798,6,June,17,32.19818932535323,10.75,5.402545696243577,22,27,normal
2024,Tuberculosis,Kalmunai,52798,7,July,5,9.470055683927422,10.75,5.402545696243577,22,27,normal
2024,Tuberculosis,Kalmunai,52798,8,August,16,30.30417818856775,10.75,5.402545696243577,22,27,normal
2024,Tuberculosis,Kalmunai,52798,9,September,16,30.30417818856775,10.75,5.402545696243577,22,27,normal
2024,Tuberculosis,Kalmunai,52798,10,October,16,30.30417818856775,10.75,5.402545696243577,22,27,normal
2024,Tuberculosis,Kalmunai,52798,11,November,6,11.364066820712905,10.75,5.402545696243577,22,27,normal
2024,Tuberculosis,Kalmunai,52798,12,December,4,7.5760445471419375,10.75,5.402545696243577,22,27,normal
2024,Tuberculosis,Kalutara,1305784,1,January,58,4.441775975199573,48.583333333333336,40.31016896791952,130,170,normal
2024,Tuberculosis,Kalutara,1305784,2,February,11,0.8424057883999191,48.583333333333336,40.31016896791952,130,170,normal
2024,Tuberculosis,Kalutara,1305784,3,March,53,4.05886425319961,48.583333333333336,40.31016896791952,130,170,normal
2024,Tuberculosis,Kalutara,1305784,4,April,31,2.374052676399772,48.583333333333336,40.31016896791952,130,170,normal
2024,Tuberculosis,Kalutara,1305784,5,May,8,0.6126587551999412,48.583333333333336,40.31016896791952,130,170,normal
2024,Tuberculosis,Kalutara,1305784,6,June,19,1.4550645435998604,48.583333333333336,40.31016896791952,130,170,normal
2024,Tuberculosis,Kalutara,1305784,7,July,147,11.25760462679892,48.583333333333336,40.31016896791952,130,170,alert
2024,Tuberculosis,Kalutara,1305784,8,August,33,2.5272173651997574,48.583333333333336,40.31016896791952,130,170,normal
2024,Tuberculosis,Kalutara,1305784,9,September,60,4.594940663999559,48.583333333333336,40.31016896791952,130,170,normal
2024,Tuberculosis,Kalutara,1305784,10,October,1,0.07658234439999265,48.583333333333336,40.31016896791952,130,170,normal
2024,Tuberculosis,Kalutara,1305784,11,November,62,4.748105352799544,48.583333333333336,40.31016896791952,130,170,normal
2024,Tuberculosis,Kalutara,1305784,12,December,100,7.658234439999265,48.583333333333336,40.31016896791952,130,170,normal
2024,Tuberculosis,Kandy,1461895,1,January,76,5.198731783062395,52.0,23.277313705265335,99,122,normal
2024,Tuberculosis,Kandy,1461895,2,February,23,1.5733004080320405,52.0,23.277313705265335,99,122,normal
2024,Tuberculosis,Kandy,1461895,3,March,36,2.4625571603979766,52.0,23.277313705265335,99,122,normal
2024,Tuberculosis,Kandy,1461895,4,April,56,3.830644471730186,52.0,23.277313705265335,99,122,normal
2024,Tuberculosis,Kandy,1461895,5,May,32,2.1889396981315348,52.0,23.277313705265335,99,122,normal
2024,Tuberculosis,Kandy,1461895,6,June,66,4.51468812739629,52.0,23.277313705265335,99,122,normal
2024,Tuberculosis,Kandy,1461895,7,July,56,3.830644471730186,52.0,23.277313705265335,99,122,normal
2024,Tuberculosis,Kandy,1461895,8,August,84,5.7459667075952785,52.0,23.277313705265335,99,122,normal
2024,Tuberculosis,Kandy,1461895,9,September,78,5.335540514195616,52.0,23.277313705265335,99,122,normal
2024,Tuberculosis,Kandy,1461895,10,October,26,1.778513504731872,52.0,23.277313705265335,99,122,normal
2024,Tuberculosis,Kandy,1461895,11,November,16,1.0944698490657674,52.0,23.277313705265335,99,122,normal
2024,Tuberculosis,Kandy,1461895,12,December,75,5.130327417495785,52.0,23.277313705265335,99,122,normal
2024,Tuberculosis,Kegalle,870476,1,January,29,3.331510575822883,29.333333333333332,10.37893165129351,51,61,normal
2024,Tuberculosis,Kegalle,870476,2,February,18,2.067834150510755,29.333333333333332,10.37893165129351,51,61,normal
2024,Tuberculosis,Kegalle,870476,3,March,25,2.871991875709382,29.333333333333332,10.37893165129351,51,61,normal
2024,Tuberculosis,Kegalle,870476,4,April,36,4.13566830102151,29.333333333333332,10.37893165129351,51,61,normal
2024,Tuberculosis,Kegalle,870476,5,May,13,1.4934357753688787,29.333333333333332,10.37893165129351,51,61,normal
2024,Tuberculosis,Kegalle,870476,6,June,43,4.939826026220137,29.333333333333332,10.37893165129351,51,61,normal
2024,Tuberculosis,Kegalle,870476,7,July,50,5.743983751418764,29.333333333333332,10.37893165129351,51,61,normal
2024,Tuberculosis,Kegalle,870476,8,August,36,4.13566830102151,29.333333333333332,10.37893165129351,51,61,normal
2024,Tuberculosis,Kegalle,870476,9,September,33,3.7910292759363844,29.333333333333332,10.37893165129351,51,61,normal
2024,Tuberculosis,Kegalle,870476,10,October,28,3.2166309007945078,29.333333333333332,10.37893165129351,51,61,normal
2024,Tuberculosis,Kegalle,870476,11,November,19,2.1827138255391305,29.333333333333332,10.37893165129351,51,61,normal
2024,Tuberculosis,Kegalle,870476,12,December,22,2.527352850624256,29.333333333333332,10.37893165129351,51,61,normal
2024,Tuberculosis,Kilinochchi,123756,1,January,9,7.2723746727431395,3.25,3.085584763595603,10,13,normal
2024,Tuberculosis,Kilinochchi,123756,2,February,0,0.0,3.25,3.085584763595603,10,13,normal
2024,Tuberculosis,Kilinochchi,123756,3,March,0,0.0,3.25,3.085584763595603,10,13,normal
2024,Tuberculosis,Kilinochchi,123756,4,April,1,0.8080416303047933,3.25,3.085584763595603,10,13,normal
2024,Tuberculosis,Kilinochchi,123756,5,May,5,4.0402081515239665,3.25,3.085584763595603,10,13,normal
2024,Tuberculosis,Kilinochchi,123756,6,June,0,0.0,3.25,3.085584763595603,10,13,normal
2024,Tuberculosis,Kilinochchi,123756,7,July,3,2.42412489091438,3.25,3.085584763595603,10,13,normal
2024,Tuberculosis,Kilinochchi,123756,8,August,2,1.6160832606095865,3.25,3.085584763595603,10,13,normal
2024,Tuberculosis,Kilinochchi,123756,9,September,8,6.464333042438346,3.25,3.085584763595603,10,13,normal
2024,Tuberculosis,Kilinochchi,123756,10,October,2,1.6160832606095865,3.25,3.085584763595603,10,13,normal
2024,Tuberculosis,Kilinochchi,123756,11,November,2,1.6160832606095865,3.25,3.085584763595603,10,13,normal
2024,Tuberculosis,Kilinochchi,123756,12,December,7,5.6562914121335535,3.25,3.085584763595603,10,13,normal
2024,Tuberculosis,Kurunegala,1768156,1,January,47,2.658136499268164,35.916666666666664,14.812485349266078,66,81,normal
2024,Tuberculosis,Kurunegala,1768156,2,February,35,1.9794633505188457,35.916666666666664,14.812485349266078,66,81,normal
2024,Tuberculosis,Kurunegala,1768156,3,March,37,2.0925755419770655,35.916666666666664,14.812485349266078,66,81,normal
2024,Tuberculosis,Kurunegala,1768156,4,April,57,3.223697456559263,35.916666666666664,14.812485349266078,66,81,normal
2024,Tuberculosis,Kurunegala,1768156,5,May,32,1.809795063331516,35.916666666666664,14.812485349266078,66,81,normal
2024,Tuberculosis,Kurunegala,1768156,6,June,62,3.506477935204812,35.916666666666664,14.812485349266078,66,81,normal
2024,Tuberculosis,Kurunegala,1768156,7,July,47,2.658136499268164,35.916666666666664,14.812485349266078,66,81,normal
2024,Tuberculosis,Kurunegala,1768156,8,August,34,1.9229072547897357,35.916666666666664,14.812485349266078,66,81,normal
2024,Tuberculosis,Kurunegala,1768156,9,September,27,1.5270145846859666,35.916666666666664,14.812485349266078,66,81,normal
2024,Tuberculosis,Kurunegala,1768156,10,October,27,1.5270145846859666,35.916666666666664,14.812485349266078,66,81,normal
2024,Tuberculosis,Kurunegala,1768156,11,November,17,0.9614536273948678,35.916666666666664,14.812485349266078,66,81,normal
2024,Tuberculosis,Kurunegala,1768156,12,December,9,0.5090048615619889,35.916666666666664,14.812485349266078,66,81,normal
2024,Tuberculosis,Mannar,172312,1,January,2,1.160685268582571,5.0,4.7784237289438165,15,20,normal
2024,Tuberculosis,Mannar,172312,2,February,2,1.160685268582571,5.0,4.7784237289438165,15,20,normal
2024,Tuberculosis,Mannar,172312,3,March,3,1.7410279028738567,5.0,4.7784237289438165,15,20,normal
2024,Tuberculosis,Mannar,172312,4,April,6,3.4820558057477133,5.0,4.7784237289438165,15,20,normal
2024,Tuberculosis,Mannar,172312,5,May,8,4.642741074330284,5.0,4.7784237289438165,15,20,normal
2024,Tuberculosis,Mannar,172312,6,June,9,5.22308370862157,5.0,4.7784237289438165,15,20,normal
2024,Tuberculosis,Mannar,172312,7,July,1,0.5803426342912855,5.0,4.7784237289438165,15,20,normal
2024,Tuberculosis,Mannar,172312,8,August,0,0.0,5.0,4.7784237289438165,15,20,normal
2024,Tuberculosis,Mannar,172312,9,September,17,9.865824782951854,5.0,4.7784237289438165,15,20,alert
2024,Tuberculosis,Mannar,172312,10,October,2,1.160685268582571,5.0,4.7784237289438165,15,20,normal
2024,Tuberculosis,Mannar,172312,11,November,1,0.5803426342912855,5.0,4.7784237289438165,15,20,normal
2024,Tuberculosis,Mannar,172312,12,December,9,5.22308370862157,5.0,4.7784237289438165,15,20,normal
2024,Tuberculosis,Matale,526870,1,January,32,6.073604494467326,14.916666666666666,10.555080398662165,37,47,normal
2024,Tuberculosis,Matale,526870,2,February,42,7.971605898988365,14.916666666666666,10.555080398662165,37,47,alert
2024,Tuberculosis,Matale,526870,3,March,18,3.416402528137871,14.916666666666666,10.555080398662165,37,47,normal
2024,Tuberculosis,Matale,526870,4,April,11,2.0878015449731433,14.916666666666666,10.555080398662165,37,47,normal
2024,Tuberculosis,Matale,526870,5,May,13,2.467401825877351,14.916666666666666,10.555080398662165,37,47,normal
2024,Tuberculosis,Matale,526870,6,June,12,2.2776016854252474,14.916666666666666,10.555080398662165,37,47,normal
2024,Tuberculosis,Matale,526870,7,July,10,1.8980014045210394,14.916666666666666,10.555080398662165,37,47,normal
2024,Tuberculosis,Matale,526870,8,August,8,1.5184011236168315,14.916666666666666,10.555080398662165,37,47,normal
2024,Tuberculosis,Matale,526870,9,September,8,1.5184011236168315,14.916666666666666,10.555080398662165,37,47,normal
2024,Tuberculosis,Matale,526870,10,October,8,1.5184011236168315,14.916666666666666,10.555080398662165,37,47,normal
2024,Tuberculosis,Matale,526870,11,November,12,2.2776016854252474,14.916666666666666,10.555080398662165,37,47,normal
2024,Tuberculosis,Matale,526870,12,December,5,0.9490007022605197,14.916666666666666,10.555080398662165,37,47,normal
2024,Tuberculosis,Matara,671418,1,January,10,1.4893851520215424,15.916666666666666,6.537817338803185,29,36,normal
2024,Tuberculosis,Matara,671418,2,February,12,1.787262182425851,15.916666666666666,6.537817338803185,29,36,normal
2024,Tuberculosis,Matara,671418,3,March,16,2.383016243234468,15.916666666666666,6.537817338803185,29,36,normal
2024,Tuberculosis,Matara,671418,4,April,17,2.531954758436622,15.916666666666666,6.537817338803185,29,36,normal
2024,Tuberculosis,Matara,671418,5,May,13,1.9362006976280053,15.916666666666666,6.537817338803185,29,36,normal
2024,Tuberculosis,Matara,671418,6,June,21,3.1277088192452394,15.916666666666666,6.537817338803185,29,36,normal
2024,Tuberculosis,Matara,671418,7,July,19,2.829831788840931,15.916666666666666,6.537817338803185,29,36,normal
2024,Tuberculosis,Matara,671418,8,August,20,2.978770304043085,15.916666666666666,6.537817338803185,29,36,normal
2024,Tuberculosis,Matara,671418,9,September,32,4.766032486468936,15.916666666666666,6.537817338803185,29,36,alert
2024,Tuberculosis,Matara,671418,10,October,7,1.0425696064150798,15.916666666666666,6.537817338803185,29,36,normal
2024,Tuberculosis,Matara,671418,11,November,16,2.383016243234468,15.916666666666666,6.537817338803185,29,36,normal
2024,Tuberculosis,Matara,671418,12,December,8,1.191508121617234,15.916666666666666,6.537817338803185,29,36,normal
2024,Tuberculosis,Monaragala,527585,1,January,9,1.7058862552953553,12.166666666666666,6.426939828219614,26,32,normal
2024,Tuberculosis,Monaragala,527585,2,February,21,3.980401262355829,12.166666666666666,6.426939828219614,26,32,normal
2024,Tuberculosis,Monaragala,527585,3,March,8,1.5163433380403157,12.166666666666666,6.426939828219614,26,32,normal
2024,Tuberculosis,Monaragala,527585,4,April,5,0.9477145862751973,12.166666666666666,6.426939828219614,26,32,normal
2024,Tuberculosis,Monaragala,527585,5,May,5,0.9477145862751973,12.166666666666666,6.426939828219614,26,32,normal
2024,Tuberculosis,Monaragala,527585,6,June,27,5.117658765886066,12.166666666666666,6.426939828219614,26,32,alert
2024,Tuberculosis,Monaragala,527585,7,July,9,1.7058862552953553,12.166666666666666,6.426939828219614,26,32,normal
2024,Tuberculosis,Monaragala,527585,8,August,14,2.6536008415705528,12.166666666666666,6.426939828219614,26,32,normal
2024,Tuberculosis,Monaragala,527585,9,September,14,2.6536008415705528,12.166666666666666,6.426939828219614,26,32,normal
2024,Tuberculosis,Monaragala,527585,10,October,17,3.222229593335671,12.166666666666666,6.426939828219614,26,32,normal
2024,Tuberculosis,Monaragala,527585,11,November,9,1.7058862552953553,12.166666666666666,6.426939828219614,26,32,normal
2024,Tuberculosis,Monaragala,527585,12,December,8,1.5163433380403157,12.166666666666666,6.426939828219614,26,32,normal
2024,Tuberculosis,Mullaitivu,136710,1,January,9,6.583278472679394,3.5833333333333335,2.253084305765962,9,11,alert
2024,Tuberculosis,Mullaitivu,136710,2,February,3,2.194426157559798,3.5833333333333335,2.253084305765962,9,11,normal
2024,Tuberculosis,Mullaitivu,136710,3,March,7,5.1203277009728625,3.5833333333333335,2.253084305765962,9,11,normal
2024,Tuberculosis,Mullaitivu,136710,4,April,2,1.462950771706532,3.5833333333333335,2.253084305765962,9,11,normal
2024,Tuberculosis,Mullaitivu,136710,5,May,3,2.194426157559798,3.5833333333333335,2.253084305765962,9,11,normal
2024,Tuberculosis,Mullaitivu,136710,6,June,3,2.194426157559798,3.5833333333333335,2.253084305765962,9,11,normal
2024,Tuberculosis,Mullaitivu,136710,7,July,4,2.925901543413064,3.5833333333333335,2.253084305765962,9,11,normal
2024,Tuberculosis,Mullaitivu,136710,8,August,0,0.0,3.5833333333333335,2.253084305765962,9,11,normal
2024,Tuberculosis,Mullaitivu,136710,9,September,4,2.925901543413064,3.5833333333333335,2.253084305765962,9,11,normal
2024,Tuberculosis,Mullaitivu,136710,10,October,3,2.194426157559798,3.5833333333333335,2.253084305765962,9,11,normal
2024,Tuberculosis,Mullaitivu,136710,11,November,3,2.194426157559798,3.5833333333333335,2.253084305765962,9,11,normal
2024,Tuberculosis,Mullaitivu,136710,12,December,2,1.462950771706532,3.5833333333333335,2.253084305765962,9,11,normal
2024,Tuberculosis,Nuwara Eliya,725280,1,January,45,6.204500330906685,22.083333333333332,10.095034532988098,43,53,alert
2024,Tuberculosis,Nuwara Eliya,725280,2,February,2,0.2757555702625193,22.083333333333332,10.095034532988098,43,53,normal
2024,Tuberculosis,Nuwara Eliya,725280,3,March,21,2.8954334877564527,22.083333333333332,10.095034532988098,43,53,normal
2024,Tuberculosis,Nuwara Eliya,725280,4,April,33,4.549966909331569,22.083333333333332,10.095034532988098,43,53,normal
2024,Tuberculosis,Nuwara Eliya,725280,5,May,18,2.481800132362674,22.083333333333332,10.095034532988098,43,53,normal
2024,Tuberculosis,Nuwara Eliya,725280,6,June,23,3.171189058018972,22.083333333333332,10.095034532988098,43,53,normal
2024,Tuberculosis,Nuwara Eliya,725280,7,July,23,3.171189058018972,22.083333333333332,10.095034532988098,43,53,normal
2024,Tuberculosis,Nuwara Eliya,725280,8,August,15,2.0681667769688947,22.083333333333332,10.095034532988098,43,53,normal
2024,Tuberculosis,Nuwara Eliya,725280,9,September,28,3.8605779836752703,22.083333333333332,10.095034532988098,43,53,normal
2024,Tuberculosis,Nuwara Eliya,725280,10,October,24,3.3090668431502315,22.083333333333332,10.095034532988098,43,53,normal
2024,Tuberculosis,Nuwara Eliya,725280,11,November,15,2.0681667769688947,22.083333333333332,10.095034532988098,43,53,normal
2024,Tuberculosis,Nuwara Eliya,725280,12,December,18,2.481800132362674,22.083333333333332,10.095034532988098,43,53,normal
2024,Tuberculosis,Polonnaruwa,447530,1,January,6,1.340692244095368,8.083333333333334,4.609018936341611,18,22,normal
2024,Tuberculosis,Polonnaruwa,447530,2,February,5,1.11724353674614,8.083333333333334,4.609018936341611,18,22,normal
2024,Tuberculosis,Polonnaruwa,447530,3,March,9,2.011038366143052,8.083333333333334,4.609018936341611,18,22,normal
2024,Tuberculosis,Polonnaruwa,447530,4,April,13,2.9048331955399638,8.083333333333334,4.609018936341611,18,22,normal
2024,Tuberculosis,Polonnaruwa,447530,5,May,13,2.9048331955399638,8.083333333333334,4.609018936341611,18,22,normal
2024,Tuberculosis,Polonnaruwa,447530,6,June,9,2.011038366143052,8.083333333333334,4.609018936341611,18,22,normal
2024,Tuberculosis,Polonnaruwa,447530,7,July,15,3.3517306102384197,8.083333333333334,4.609018936341611,18,22,normal
2024,Tuberculosis,Polonnaruwa,447530,8,August,4,0.8937948293969119,8.083333333333334,4.609018936341611,18,22,normal
2024,Tuberculosis,Polonnaruwa,447530,9,September,0,0.0,8.083333333333334,4.609018936341611,18,22,normal
2024,Tuberculosis,Polonnaruwa,447530,10,October,5,1.11724353674614,8.083333333333334,4.609018936341611,18,22,normal
2024,Tuberculosis,Polonnaruwa,447530,11,November,14,3.1282819028891917,8.083333333333334,4.609018936341611,18,22,normal
2024,Tuberculosis,Polonnaruwa,447530,12,December,4,0.8937948293969119,8.083333333333334,4.609018936341611,18,22,normal
2024,Tuberculosis,Puttalam,818816,1,January,14,1.7097858371111458,21.416666666666668,13.041333861568337,48,61,normal
2024,Tuberculosis,Puttalam,818816,2,February,20,2.4425511958730657,21.416666666666668,13.041333861568337,48,61,normal
2024,Tuberculosis,Puttalam,818816,3,March,16,1.9540409566984525,21.416666666666668,13.041333861568337,48,61,normal
2024,Tuberculosis,Puttalam,818816,4,April,19,2.320423636079412,21.416666666666668,13.041333861568337,48,61,normal
2024,Tuberculosis,Puttalam,818816,5,May,11,1.343403157730186,21.416666666666668,13.041333861568337,48,61,normal
2024,Tuberculosis,Puttalam,818816,6,June,40,4.885102391746131,21.416666666666668,13.041333861568337,48,61,normal
2024,Tuberculosis,Puttalam,818816,7,July,19,2.320423636079412,21.416666666666668,13.041333861568337,48,61,normal
2024,Tuberculosis,Puttalam,818816,8,August,4,0.4885102391746131,21.416666666666668,13.041333861568337,48,61,normal
2024,Tuberculosis,Puttalam,818816,9,September,49,5.984250429889011,21.416666666666668,13.041333861568337,48,61,alert
2024,Tuberculosis,Puttalam,818816,10,October,8,0.9770204783492262,21.416666666666668,13.041333861568337,48,61,normal
2024,Tuberculosis,Puttalam,818816,11,November,37,4.518719712365171,21.416666666666668,13.041333861568337,48,61,normal
2024,Tuberculosis,Puttalam,818816,12,December,20,2.4425511958730657,21.416666666666668,13.041333861568337,48,61,normal
2024,Tuberculosis,Ratnapura,1145423,1,January,33,2.881031723651437,32.583333333333336,12.459657120304536,58,70,normal
2024,Tuberculosis,Ratnapura,1145423,2,February,22,1.9206878157676248,32.583333333333336,12.459657120304536,58,70,normal
2024,Tuberculosis,Ratnapura,1145423,3,March,10,0.8730399162580113,32.583333333333336,12.459657120304536,58,70,normal
2024,Tuberculosis,Ratnapura,1145423,4,April,59,5.150935505922266,32.583333333333336,12.459657120304536,58,70,alert
2024,Tuberculosis,Ratnapura,1145423,5,May,20,1.7460798325160225,32.583333333333336,12.459657120304536,58,70,normal
2024,Tuberculosis,Ratnapura,1145423,6,June,25,2.1825997906450283,32.583333333333336,12.459657120304536,58,70,normal
2024,Tuberculosis,Ratnapura,1145423,7,July,40,3.492159665032045,32.583333333333336,12.459657120304536,58,70,normal
2024,Tuberculosis,Ratnapura,1145423,8,August,37,3.2302476901546417,32.583333333333336,12.459657120304536,58,70,normal
2024,Tuberculosis,Ratnapura,1145423,9,September,38,3.3175516817804427,32.583333333333336,12.459657120304536,58,70,normal
2024,Tuberculosis,Ratnapura,1145423,10,October,47,4.103287606412652,32.583333333333336,12.459657120304536,58,70,normal
2024,Tuberculosis,Ratnapura,1145423,11,November,31,2.706423740399835,32.583333333333336,12.459657120304536,58,70,normal
2024,Tuberculosis,Ratnapura,1145423,12,December,29,2.5318157571482325,32.583333333333336,12.459657120304536,58,70,normal
2024,Tuberculosis,Trincomalee,442745,1,January,15,3.387954691752589,12.75,6.5463093928309455,26,33,normal
2024,Tuberculosis,Trincomalee,442745,2,February,18,4.065545630103107,12.75,6.5463093928309455,26,33,normal
2024,Tuberculosis,Trincomalee,442745,3,March,7,1.5810455228178748,12.75,6.5463093928309455,26,33,normal
2024,Tuberculosis,Trincomalee,442745,4,April,12,2.710363753402071,12.75,6.5463093928309455,26,33,normal
2024,Tuberculosis,Trincomalee,442745,5,May,6,1.3551818767010355,12.75,6.5463093928309455,26,33,normal
2024,Tuberculosis,Trincomalee,442745,6,June,23,5.194863860687303,12.75,6.5463093928309455,26,33,normal
2024,Tuberculosis,Trincomalee,442745,7,July,17,3.8396819839862677,12.75,6.5463093928309455,26,33,normal
2024,Tuberculosis,Trincomalee,442745,8,August,3,0.6775909383505178,12.75,6.5463093928309455,26,33,normal
2024,Tuberculosis,Trincomalee,442745,9,September,15,3.387954691752589,12.75,6.5463093928309455,26,33,normal
2024,Tuberculosis,Trincomalee,442745,10,October,5,1.1293182305841962,12.75,6.5463093928309455,26,33,normal
2024,Tuberculosis,Trincomalee,442745,11,November,9,2.0327728150515534,12.75,6.5463093928309455,26,33,normal
2024,Tuberculosis,Trincomalee,442745,12,December,23,5.194863860687303,12.75,6.5463093928309455,26,33,normal
2024,Tuberculosis,Vavuniya,122619,1,January,4,3.262137189179491,6.166666666666667,4.722875771768251,16,21,normal
2024,Tuberculosis,Vavuniya,122619,2,February,17,13.864083054012836,6.166666666666667,4.722875771768251,16,21,alert
2024,Tuberculosis,Vavuniya,122619,3,March,2,1.6310685945897454,6.166666666666667,4.722875771768251,16,21,normal
2024,Tuberculosis,Vavuniya,122619,4,April,11,8.9708772702436,6.166666666666667,4.722875771768251,16,21,normal
2024,Tuberculosis,Vavuniya,122619,5,May,5,4.0776714864743635,6.166666666666667,4.722875771768251,16,21,normal
2024,Tuberculosis,Vavuniya,122619,6,June,6,4.893205783769236,6.166666666666667,4.722875771768251,16,21,normal
2024,Tuberculosis,Vavuniya,122619,7,July,4,3.262137189179491,6.166666666666667,4.722875771768251,16,21,normal
2024,Tuberculosis,Vavuniya,122619,8,August,0,0.0,6.166666666666667,4.722875771768251,16,21,normal
2024,Tuberculosis,Vavuniya,122619,9,September,9,7.339808675653854,6.166666666666667,4.722875771768251,16,21,normal
2024,Tuberculosis,Vavuniya,122619,10,October,0,0.0,6.166666666666667,4.722875771768251,16,21,normal
2024,Tuberculosis,Vavuniya,122619,11,November,6,4.893205783769236,6.166666666666667,4.722875771768251,16,21,normal
2024,Tuberculosis,Vavuniya,122619,12,December,10,8.155342972948727,6.166666666666667,4.722875771768251,16,21,normal
